,bath,bed,furnished,price,size,street,where
0,1 bath,2 beds,0,"$2,195",900 ft²,108-02 72nd Avenue #6,
1,1.5 baths,3 beds,0,"$2,350",,72-14 69th Place #1R,
2,2 baths,3 beds,0,"$4,583","1,285 ft²",42-51 Hunter Street #PHB,
3,1 bath,2 beds,0,"$2,800","1,400 ft²",10-57 Jackson Avenue PENTHOUSE-/-,
4,2 baths,4 beds,0,"$2,695",,1917 Gates Avenue #1B,
5,1 bath,3 beds,0,"$2,490","1,000 ft²",28-08 Crescent Street #12A,Astoria
6,1 bath,,0,"$1,385",550 ft²,94-10 60th Avenue #4J,
7,1 bath,,0,"$2,510",,4545 Center Boulevard #3214,
8,1 bath,,0,"$2,560",,4545 Center Boulevard #3504,
9,1 bath,3 beds,0,"$2,895",,24-11 35th Street #1,Astoria
10,1 bath,1 bed,0,"$1,725",700 ft²,84-11 Lander Street #11,
11,1 bath,2 beds,0,"$2,500","1,000 ft²",18-36 21st Dr #2F,Astoria
12,1.5 baths,3 beds,0,"$2,850",,54-38 Arnold Avenue #2A,
13,1 bath,2 beds,0,"$2,100",,47-25 48th Street #5B,
14,2 baths,2 beds,0,"$4,250",,10-50 Jackson Avenue #7B,Long Island City
15,1 bath,,0,"$1,600",519 ft²,153-30 89th Avenue #804,
16,1 bath,3 beds,0,"$2,600",,27-47 27th Street #2F,Astoria
17,1.5 baths,3 beds,0,"$2,650","1,100 ft²",75-63 113rd Street #3,
18,1 bath,2 beds,0,"$2,000",,44-01 30th Avenue #2A,Astoria
19,1 bath,,0,"$1,410",468 ft²,97-30 57th Avenue #UNI3A,
20,1 bath,,0,"$1,410",489 ft²,97-22 57th Avenue #MEX5N,
21,1 bath,,0,"$1,410",468 ft²,97-22 57th Avenue #MEX10A,
22,1 bath,2 beds,0,"$2,125","1,077 ft²",97-15 Horace Harding Expressway #COL16C,
23,1 bath,1 bed,0,"$1,710",714 ft²,97-22 57th Avenue #MEX4G,
24,1 bath,2 beds,0,"$2,125","1,077 ft²",97-07 Horace Harding Expressway #BRZ8C,
25,1 bath,1 bed,0,"$1,630",714 ft²,97-20 57th Avenue #CAN17G,
26,1 bath,2 beds,0,"$2,115","1,077 ft²",97-15 Horace Harding Expressway #COL8C,
27,1 bath,1 bed,0,"$1,670",714 ft²,97-05 Horace Harding Expressway #ARG1G,
28,1 bath,1 bed,0,"$3,400",850 ft²,23-10 41st Avenue #17A,Long Island City
29,1 bath,2 beds,0,"$3,925",,45-50 Pearson Street #6K,
30,1 bath,1 bed,0,"$1,800",,21-23 27th Street #D1,Astoria
31,1 bath,1 bed,0,"$1,834",,3252 33rd Street #C9,Long Island City
32,1 bath,1 bed,0,"$1,560",,41-12 Elbertson Street #6C,
33,1 bath,1 bed,0,"$1,900",,25-73 45th Street #3B,Astoria
34,1 bath,1 bed,0,"$1,850",,2835 34th Street #35,Astoria
35,1 bath,1 bed,0,"$1,725",900 ft²,189-14 Crocheron Avenue #215,
36,1 bath,,0,"$1,450",600 ft²,189-14 Crocheron Avenue #111,
37,1 bath,,0,"$1,400",550 ft²,189-14 Crocheron Avenue #412,
38,1 bath,,0,"$1,300",,19-36 78th Street #1,Astoria
39,1 bath,2 beds,0,"$2,350",,31-64 21st #10,Astoria
40,1 bath,2 beds,0,"$2,350",,31-64 21st #10,Astoria
41,1 bath,2 beds,0,"$2,395",,31-72 31st #3N,Astoria
42,2 baths,2 beds,0,"$3,950","1,000 ft²",1050 Jackson Avenue #2B,Long Island City
43,1.5 baths,3 beds,0,"$2,620",743 ft²,560 Fairview Avenue #2R,
44,1 bath,2 beds,0,"$2,150",,30-15 49st #3N,
45,1 bath,2 beds,0,"$2,150",,30-15 49st #3N,
46,1 bath,2 beds,0,"$2,450",,30-15 49st #1S,
47,1.5 baths,1 bed,0,"$2,500",,1825 Palmetto Street #1F,
48,1 bath,1 bed,0,"$3,400",,2-40 51st Avenue #3A,
49,1 bath,1 bed,0,"$1,850",,22-67 35th Street #4A,Astoria
50,1 bath,1 bed,0,"$2,597",,25-13 27th Street #7C,Astoria
51,1 bath,3 beds,0,"$1,900",950 ft²,62-71 60th Street #2,
52,1 bath,,0,"$1,650",445 ft²,64-85 Booth Street #4D,
53,1.5 baths,3 beds,0,"$2,799",,1719 Gates Avenue #2L,
54,1 bath,,0,"$1,300",,32-30 41st Street #2,Long Island City
55,1 bath,2 beds,0,"$2,250","1,100 ft²",103-19 68th Road #4G,
56,1 bath,1 bed,0,"$3,000",737 ft²,11-02 49th Avenue #8N,
57,1 bath,1 bed,0,"$1,650",,42-25 65th Place #2C,
58,1 bath,1 bed,0,"$2,125",,25-13 27th Street #6A,Astoria
59,1 bath,1 bed,0,"$2,786",,25-13 27th Street #3C,Astoria
60,1 bath,2 beds,0,"$2,000",,117-14 Union Turnpike #CD1,
61,1 bath,1 bed,0,"$1,550",,216-10 77th Avenue #2M,
62,1 bath,1 bed,0,"$1,700",,216-10 77th Avenue #2K,
63,1 bath,,0,"$2,150",545 ft²,27-16 41st Avenue #2B,Long Island City
64,1 bath,1 bed,0,"$1,800",,14-35 31st Road #111,Astoria
65,1 bath,2 beds,0,"$2,800","1,400 ft²",43-10 44th Street #5E,
66,1 bath,1 bed,0,"$1,850",800 ft²,111-20 76rd #3A,
67,1 bath,2 beds,0,"$2,000",,69-36 75th Street #2,
68,2 baths,2 beds,0,"$4,875","1,120 ft²",4-75 48th Avenue #P1H,
69,1 bath,3 beds,0,"$3,495",,21-78 19th Street #3B,Astoria
70,1 bath,2 beds,0,"$2,195",900 ft²,108-02 72nd Avenue #6,
71,1 bath,1 bed,0,"$2,191",,75-25 153rd Street #324,
72,2 baths,2 beds,0,"$3,250",950 ft²,25-40 Shore Boulevard #12O,Astoria
73,1 bath,,0,"$2,640",493 ft²,4-75 48th Avenue #3504,
74,1 bath,1 bed,0,"$1,700",,45-45 46th Street #3C,
75,1 bath,1 bed,0,"$1,665",,1823 Bleecker Street #3L,
76,1 bath,,0,"$2,555",,43-10 Crescent Street #2317,
77,2 baths,3 beds,0,"$5,500",,43-10 Crescent Street #2916,
78,1 bath,2 beds,0,"$2,650","1,000 ft²",25-75 22nd Street #1,Astoria
79,1 bath,1 bed,0,"$2,295",650 ft²,30-93 38th Street #4,Astoria
80,1 bath,1 bed,0,"$2,200",650 ft²,22-14 Astoria Boulevard #4A,Astoria
81,3 baths,4 beds,0,"$4,700","1,600 ft²",14-45 30th Drive #1,Astoria
82,1 bath,2 beds,0,"$2,400",850 ft²,30-29 38th Street #2,Astoria
83,1 bath,1 bed,0,"$1,850",,30-76 38th Street #4,Astoria
84,1 bath,1 bed,0,"$1,749",703 ft²,153-30 89th Avenue #635,
85,1.5 baths,3 beds,0,"$2,350",,72-14 69th Place #1R,
86,1 bath,3 beds,0,"$3,200","1,100 ft²",33-05 Broadway #1,Astoria
87,2 baths,2 beds,0,"$3,200","1,000 ft²",30-67 32nd Street #1,Astoria
88,2 baths,2 beds,0,"$3,200",,26-42 28th Street #2F,Astoria
89,1 bath,2 beds,0,"$2,200",,32-44 35th Street #2FLR,Long Island City
90,1 bath,2 beds,0,"$2,600","1,000 ft²",68-50 Burns Street #F2,
91,1 bath,2 beds,0,"$2,000",,34-51 9th Street #1A,Long Island City
92,1 bath,2 beds,0,"$1,950",725 ft²,3176 35th Street #3,Astoria
93,1 bath,2 beds,0,"$1,950",725 ft²,3176 35th Street #3,Astoria
94,2 baths,4 beds,0,"$2,695",,1917 Gates Avenue #1R,
95,1.5 baths,3 beds,0,"$3,200",,661 Onderdonk Avenue #1R,
96,1 bath,3 beds,0,"$2,850",,661 Onderdonk Avenue #2R,
97,2.5 baths,3 beds,0,"$4,300","1,800 ft²",15-69 216th Street ,
98,1 bath,2 beds,0,"$1,595",876 ft²,20-10 Seagirt Boulevard #A,
99,2 baths,2 beds,0,"$3,400","1,025 ft²",12-15 Broadway #220,Astoria
100,1 bath,1 bed,0,"$1,800",750 ft²,4743 44th Street #2,
101,1 bath,1 bed,0,"$1,700",,23-23 41st #1,Astoria
102,2 baths,3 beds,0,"$2,300","1,000 ft²",84-90 127th Street #3F,
103,2 baths,2 beds,0,"$2,200","1,000 ft²",149-43 35th Avenue #B,
104,1 bath,2 beds,0,"$1,799",,1854 Madison Street #L3,
105,2 baths,2 beds,0,"$2,450","1,013 ft²",6707 242nd Street #23A,
106,1 bath,1 bed,0,"$1,880",700 ft²,30-37 30th Street #3F,Astoria
107,1 bath,2 beds,0,"$1,950",,62-72 81st Street #2B,
108,1 bath,1 bed,0,"$1,550",695 ft²,86-75 Midland Parkway #6N,
109,2 baths,3 beds,0,"$2,900","1,200 ft²",15-69 216th Street #DUPLEX,
110,1 bath,1 bed,0,"$1,650",,65-35 Yellowstone Boulevard #2,
111,2 baths,2 beds,0,"$5,995",,5-11 47th Avenue #7H,
112,1 bath,1 bed,0,"$3,707",737 ft²,45-50 Pearson Street #15B,
113,2 baths,3 beds,0,"$2,500","1,500 ft²",20-04 49th Street #3F,Astoria
114,1 bath,1 bed,0,"$3,395",,5-11 47th Avenue #8P,
115,2 baths,2 beds,0,"$4,800",,5-11 47th Avenue #11H,
116,2 baths,2 beds,0,"$3,950",,5-11 47th Avenue #11K,
117,1 bath,2 beds,0,"$2,375","1,138 ft²",137-20 45th Avenue #4H,
118,1 bath,,0,"$1,500",465 ft²,102-50 62nd Road #6H,
119,1 bath,2 beds,0,"$2,475",998 ft²,102-40 62nd Avenue #3H,
120,1 bath,1 bed,0,"$2,250",866 ft²,98-05 67th Avenue #12E,
121,1 bath,2 beds,0,"$2,275",929 ft²,137-20 45th Avenue #3K,
122,1 bath,,0,"$1,450",425 ft²,44-15 Colden Street #1V,
123,1 bath,1 bed,0,"$1,825",820 ft²,64-34 99th Street #1D,
124,1 bath,2 beds,0,"$1,799",,1854 Madison Street #3L,
125,1 bath,,0,"$2,100",,30-15 Vernon Boulevard #6J1,Astoria
126,1 bath,,0,"$2,445",,61-55 Junction Boulevard #21Q,
127,1 bath,1 bed,0,"$1,700",,48-08 47th Street #5E,
128,2 baths,3 beds,0,"$2,600","1,200 ft²",6110 99th Street #1,
129,1 bath,2 beds,0,"$2,400",850 ft²,35-37 32nd Street #3B,Long Island City
130,1 bath,2 beds,0,"$3,000",,30-15 Vernon Boulevard #1,Astoria
131,1 bath,2 beds,0,"$2,300",,37-33 80th Street #A4,
132,2 baths,3 beds,0,"$2,700",,43-67 164th Street ,
133,1 bath,1 bed,0,"$2,000",,20-32 31st Street #D3,Astoria
134,1 bath,1 bed,0,"$2,150",800 ft²,104-60 Queens Boulevard #3A,
135,3 baths,,1,"$6,900",,2-17 51st Avenue #910,
136,2 baths,3 beds,0,"$2,600",,110-33 72 Dr #1,
137,1 bath,1 bed,0,"$2,600",,1 Bay Club Drive #16W,
138,2 baths,2 beds,0,"$2,550",,214-15 15th Avenue #1,
139,1 bath,1 bed,0,"$2,600",,11-05 30th Road #7F,Astoria
140,1 bath,3 beds,0,"$2,950","1,050 ft²",23-29 26th Street #2F,Astoria
141,1 bath,1 bed,0,"$2,500",,31-57 31st Street #323,Astoria
142,1 bath,,0,"$2,050",,11-05 30th Road #4J,Astoria
143,2.5 baths,3 beds,0,"$3,300","1,800 ft²",67-73 Fleet Street ,
144,1 bath,1 bed,0,"$1,775",,25-56 37th Street #2R,Astoria
145,1 bath,1 bed,0,"$1,600",,67-30 Dartmouth Street #6E,
146,1 bath,2 beds,0,"$2,150",,31-71 41st Street #2,Astoria
147,1 bath,1 bed,0,"$1,300",,11-47 45th Avenue #10,
148,1 bath,3 beds,0,"$2,900",,661 Onderdonk Avenue #2L,
149,1 bath,3 beds,0,"$2,700",,661 Onderdonk Avenue #2R,
150,1.5 baths,3 beds,0,"$3,100",,661 Onderdonk Avenue #1L,
151,1.5 baths,3 beds,0,"$3,100",,661 Onderdonk Avenue #1R,
152,1 bath,1 bed,0,"$2,450",900 ft²,32-05 Newtown Avenue #5D,Astoria
153,1 bath,2 beds,0,"$2,900",,24-06 Hoyt Avenue ,Astoria
154,2 baths,2 beds,0,"$4,033","1,054 ft²",41-17 Crescent Street #PH3F,Long Island City
155,1.5 baths,3 beds,0,"$2,500",,15-59 209th Street #2F,
156,1 bath,1 bed,0,"$1,625",650 ft²,139-09 34th Road #C9,
157,2.5 baths,2 beds,0,"$3,450","1,200 ft²",404 Burns Street ,
158,1 bath,1 bed,0,"$3,130",717 ft²,4-75 48th Avenue #1104,
159,1 bath,1 bed,0,"$2,095",,43-07 39th Place #3J,
160,,2 beds,0,"$2,100",,2261 43rd Street ,Astoria
161,1 bath,1 bed,0,"$2,195",,31-72 31st #2G,Astoria
162,1.5 baths,3 beds,0,"$2,950","1,000 ft²",31-31 42nd Street #2,Astoria
163,1 bath,2 beds,0,"$2,400",800 ft²,32-6 30th Street #2,Long Island City
164,1 bath,1 bed,0,"$2,200",,28-19 Astoria Boulevard #3,Astoria
165,1 bath,,0,"$1,700",547 ft²,152-09 88th Avenue #502,
166,1 bath,1 bed,0,"$1,900",660 ft²,152-09 88th Avenue #407,
167,1 bath,,1,"$2,950",,75-25 153rd Street #6,
168,1 bath,1 bed,0,"$2,648",,29-11 Queens Plaza North #15C,Long Island City
169,1.5 baths,3 beds,0,"$2,350",,72-14 69th Place #1R,
170,1 bath,,0,"$1,300",,32-38 41st Street #2A,Long Island City
171,1 bath,1 bed,0,"$2,600",760 ft²,26-20 21st Street #PTHB,Astoria
172,1 bath,,0,"$1,650",520 ft²,61-09 39th Avenue #O3,
173,2 baths,3 beds,0,"$2,750",,34-34 10th Street #2,Long Island City
174,,1 bed,1,"$3,600",628 ft²,26-26 Jackson Avenue #503,
175,1 bath,,0,"$1,600",,24-55 37 #1,Astoria
176,1+ bath,4 beds,0,"$3,550","1,300 ft²",560 Fairview Avenue #1R,
177,1 bath,1 bed,0,"$2,075",,27-31 Crescent Street #4R,Astoria
178,1 bath,1 bed,0,"$1,925",,31-64 30th Street #15,Astoria
179,1 bath,2 beds,0,"$1,800",,1822 Himrod Street #2R,
180,3 baths,4 beds,0,"$3,368","1,300 ft²",64-01 Fleet Street #1,
181,2 baths,2 beds,0,"$2,773",,75-25 153rd Street #1134,
182,1 bath,,0,"$1,575",433 ft²,48-50 37th Street #1D,
183,1 bath,1 bed,0,"$2,588",590 ft²,41-42 24th Street #4322,Long Island City
184,1 bath,2 beds,0,"$1,900",,1716 Himrod Street #4,
185,1 bath,2 beds,0,"$3,700",,27-34 21st Street #8A,Astoria
186,2 baths,3 beds,0,"$2,400",,66-76 69th Street #2,
187,1 bath,2 beds,0,"$3,925",,45-50 Pearson Street #6K,
188,1 bath,1 bed,0,"$3,100",748 ft²,4630 Center Boulevard #807,
189,1 bath,2 beds,0,"$2,500",,28-14 31st Street #303,Astoria
190,1 bath,1 bed,0,"$2,050",,25-10 31st Avenue #5F,Astoria
191,2 baths,3 beds,0,"$2,400",,66-76 69th Street #2,
192,2 baths,3 beds,0,"$2,600",,2110 Rene Court #2,
193,1 bath,1 bed,0,"$1,900",,2264 28th Street #2,Astoria
194,1 bath,1 bed,0,"$1,375",700 ft²,86-22 98th Street #3F,
195,2 baths,3 beds,0,"$3,000",,1814 Bleecker #3F,
196,1 bath,1 bed,0,"$2,665",,29-11 Queens Plaza North #16H,Long Island City
197,2 baths,2 beds,0,"$3,343",,26-14 Jackson Avenue #6G,
198,2 baths,3 beds,0,"$2,799",,1814 Bleecker Street #2F,
199,1 bath,2 beds,0,"$3,500",800 ft²,41-21 24th Street #10J,Long Island City
200,1.5 baths,4 beds,0,"$2,995",,1913 Palmetto Street #1R,
201,1 bath,1 bed,0,"$1,800",,3121 34th Street #1A,Astoria
202,1 bath,3 beds,0,"$2,800",,1719 Gates Avenue #2L,
203,1 bath,3 beds,0,"$2,750",,2220 73rd Street #2F,Astoria
204,1 bath,2 beds,0,"$2,300",850 ft²,25-84 38th Street #3,Astoria
205,1 bath,1 bed,0,"$1,750",,4407 30th Avenue #1F,Astoria
206,1 bath,2 beds,0,"$1,875",,21-30 Clintonville Street #1,
207,2 baths,2 beds,0,"$2,600",,3109 42nd Street #1,Astoria
208,1 bath,1 bed,0,"$2,000",,38-33 28th Street #12C,Long Island City
209,1 bath,1 bed,0,"$1,850",,30-36 34th Street #E,Astoria
210,2 baths,2 beds,0,"$3,222",,31-57 31st Street #413,Astoria
211,1 bath,1 bed,0,"$2,285",900 ft²,47-55 39 Place #B,
212,1 bath,1 bed,0,"$1,850",,32-16 Broadway #3,Long Island City
213,1 bath,1 bed,0,"$1,850",,77-34 Austin Street #6E,
214,1 bath,1 bed,0,"$2,350",,14-21 31st Avenue #1R,Astoria
215,1.5 baths,3 beds,0,"$2,580","1,200 ft²",143-10 20th Avenue #2A,
216,1 bath,1 bed,0,"$2,100",,25-33 Broadway #2D,Astoria
217,1 bath,,0,"$1,385",,94-10 60th Avenue #4J,
218,1 bath,3 beds,0,"$2,975","1,000 ft²",31-04 33rd Street #1A,Astoria
219,1 bath,1 bed,0,"$2,250",,31-66 Crescent #4,Astoria
220,1 bath,3 beds,0,"$2,400","1,200 ft²",21-12 73rd Street #2,Astoria
221,1 bath,2 beds,0,"$2,600","1,000 ft²",25-35 36th Street #3F,Astoria
222,1.5 baths,4 beds,0,"$3,000",,1913 Palmetto Street #1R,
223,2 baths,3 beds,0,"$4,500","1,600 ft²",22-59 19th Street #2,Astoria
224,1 bath,1 bed,0,"$3,707",737 ft²,45-50 Pearson Street #15B,
225,2 baths,2 beds,0,"$3,814",,42-14 Crescent Street #9A,
226,1 bath,2 beds,0,"$2,400",,6029 Myrtle Avenue #2F,
227,1 bath,2 beds,0,"$3,650",833 ft²,4-74 48th Avenue #37D,
228,1 bath,2 beds,0,"$2,300",,25-84 38th Street #2F,Astoria
229,1 bath,1 bed,0,"$2,000",800 ft²,30-75 34th Street #1,Astoria
230,1 bath,1 bed,0,"$3,950",865 ft²,4-74 48th Avenue #30F,
231,1 bath,2 beds,0,"$2,100",900 ft²,20-21 Steinway Street #2L,Astoria
232,1 bath,2 beds,0,"$2,400",,22-66 21st Street #1STFL,Astoria
233,1 bath,1 bed,0,"$1,649",,89-50 56th Avenue #7,
234,1 bath,1 bed,0,"$1,650",650 ft²,139-09 34th Road #A8,
235,1 bath,3 beds,0,"$2,300",,6622 Fresh Pond Rd #3,
236,1 bath,1 bed,0,"$1,695",700 ft²,141-38 84 Road #4,
237,1 bath,2 beds,0,"$1,675",,35-20 97st #4B,
238,1 bath,1 bed,0,"$2,050",,48-16 46th Street #B5,
239,1 bath,3 beds,0,"$2,950","1,050 ft²",23-29 26th Street #2F,Astoria
240,1 bath,3 beds,0,"$2,600",,28-22 47 #2F,Astoria
241,1 bath,1 bed,0,"$2,145",,25-74 33rd Street #5K,Astoria
242,1.5 baths,3 beds,0,"$2,900",,43-13 25 #3,Astoria
243,1 bath,,0,"$1,775",700 ft²,65-09 99th Street #3D,
244,1 bath,1 bed,0,"$1,950",500 ft²,41-15 29th Street #509,Long Island City
245,1 bath,2 beds,0,"$2,700",,48-21 30th Avenue #2,Astoria
246,1 bath,1 bed,0,"$2,350",,43-45 42 #1A,
247,1 bath,1 bed,0,"$1,500",600 ft²,"76-18 Grand Central Parkway, North #4R",
248,1 bath,1 bed,0,"$2,000",,14-08 31st Avenue #2E,Astoria
249,1 bath,1 bed,0,"$1,800",,43-1 48th Street #2I,
250,1 bath,1 bed,0,"$2,250",,27-18 23rd Avenue #2FRONT,Astoria
251,4.5 baths,5 beds,0,"$6,300","3,654 ft²",81 Puritan Avenue ,
252,1 bath,1 bed,0,"$2,550",,42-14 Crescent Street #2C,
253,1 bath,1 bed,0,"$2,795",,61-55 Junction Boulevard #16A,
254,1 bath,3 beds,0,"$3,300",,39-27 29th Street #3R,Long Island City
255,1.5 baths,2 beds,0,"$3,300",,27-16 18th Street #1,Astoria
256,1 bath,2 beds,0,"$2,600",,25-33 36th Street #2F,Astoria
257,1 bath,2 beds,0,"$2,100",900 ft²,42-17 68th Street #1,
258,1 bath,1 bed,0,"$2,400",,44-61 23rd Street #3,
259,1 bath,2 beds,0,"$1,750",500 ft²,41-23 29th Street #1F,Long Island City
260,1 bath,2 beds,0,"$2,400",,39-27 29th Street #2B,Long Island City
261,1 bath,,0,"$1,500",550 ft²,76-15 35th Avenue #4,
262,1 bath,1 bed,0,"$2,100",,43-25 47th #5H,
263,1 bath,1 bed,0,"$1,795",,43-30 48th Street #2I,
264,1 bath,1 bed,0,"$1,750",,3510 35th Street #A41,Long Island City
265,1 bath,1 bed,0,"$2,050",,41-30 46th Street #3E,
266,1 bath,2 beds,0,"$1,900",,1707 Norman Street #1,
267,1 bath,,0,"$1,550",432 ft²,48-50 37th Street #1P,
268,1.5 baths,3 beds,0,"$3,000",,146-03 28th Avenue #2,
269,1 bath,,1,"$2,505",550 ft²,475 48th Avenue #416,Long Island City
270,1 bath,1 bed,0,"$1,600",,6300 Austin Street #2,
271,1 bath,1 bed,0,"$2,300",,27-34 21st Street #7B,Astoria
272,1 bath,1 bed,0,"$2,400",,27-34 21st Street #7C,Astoria
273,1 bath,2 beds,0,"$3,700",,27-34 21st Street 8B---PH,Astoria
274,2 baths,3 beds,0,"$3,000","1,000 ft²",42-16 23rd Avenue #3,Astoria
275,1 bath,4 beds,0,"$3,300","1,100 ft²",22-34 Crescent Street #2,Astoria
276,1 bath,3 beds,0,"$2,750",,66-30 64th Street #4R,
277,1 bath,3 beds,0,"$2,750",900 ft²,66-30 64th Street #4L,
278,1 bath,1 bed,0,"$2,650",654 ft²,42-60 Crescent Street #4E,
279,2 baths,3 beds,0,"$3,700","2,000 ft²",22-34 Crescent Street #1,Astoria
280,1 bath,1 bed,0,"$3,000",737 ft²,11-02 49th Avenue #8N,
281,1 bath,,0,"$2,291",,41-42 24th Street #2510,Long Island City
282,1 bath,1 bed,0,"$2,100",,43-29 39th Place #25,
283,1 bath,1 bed,0,"$1,950",,41-20 46th Street #6L,
284,1 bath,2 beds,0,"$2,400",,31-67 37th Street #3,Astoria
285,2 baths,3 beds,0,"$2,835",,1814 Bleecker Street #1F,
286,1 bath,1 bed,0,"$2,400",,23-24 31st Avenue #A,Astoria
287,1 bath,,0,"$3,400",,"84-07 Broadway, #1",
288,1 bath,1 bed,0,"$3,099",630 ft²,44-41   Purves Street #1905,
289,1 bath,2 beds,0,"$2,400",,3235 30th Street #25,Long Island City
290,1 bath,1 bed,0,"$2,200",,205-60 Brian Crescent ,
291,1 bath,,0,"$2,061",,45-50 Pearson Street #9I,
292,2 baths,3 beds,0,"$2,900",,76-66 Austin Street #5I,
293,1 bath,1 bed,0,"$2,450",,12-15 Broadway #107,Astoria
294,2 baths,2 beds,0,"$2,211","1,040 ft²",153-30 89th Avenue #421,
295,1.5 baths,2 beds,0,"$3,000",,44-15 65th Street #2,
296,1 bath,2 beds,0,"$2,200",,1877 Stanhope Street #2,
297,1 bath,,0,"$2,555",,4545 Center Boulevard #3517,
298,1 bath,1 bed,0,"$3,335",,4720 Center Boulevard #2808,
299,1 bath,1 bed,0,"$3,205",,4720 Center Boulevard #2307,
300,1 bath,,0,"$1,500",,2390 29th Street #10,Astoria
301,1 bath,,0,"$1,800",500 ft²,67-76 Booth Street #4P,
302,1 bath,2 beds,0,"$2,200",,19-62 77th Street #3A,Astoria
303,1 bath,1 bed,0,"$2,000",800 ft²,30-75 34th Street #4,Astoria
304,1 bath,1 bed,0,"$1,650",,41-20 46th Street #2L,
305,1 bath,1 bed,0,"$1,775",,20-15 38th Street #1,Astoria
306,,,0,"$1,675",500 ft²,30-60 29th Street #B14,Astoria
307,1 bath,,0,"$1,350",,40-20 69th Street #2D,
308,1 bath,,0,"$1,600",519 ft²,153-30 89th Avenue #804,
309,1 bath,,0,"$2,291",,41-42 24th Street #2510,Long Island City
310,1 bath,,0,"$1,395",550 ft²,182-30 Wexford Terrace #4JJ,
311,1 bath,,0,"$1,695",935 ft²,86-25 Van Wyck Expressway #727,
312,1 bath,1 bed,0,"$1,650",840 ft²,182-30 Wexford Terrace #2E,
313,1 bath,1 bed,0,"$1,599",770 ft²,166-05 Highland Avenue #3V,
314,1 bath,,0,"$1,295",415 ft²,86-25 Van Wyck Expressway #609,
315,2 baths,3 beds,0,"$2,700",,7030 70th Street #2,
316,1 bath,,0,"$1,750",,21-06 33rd Street #B8,Astoria
317,2 baths,3 beds,0,"$3,950",,30-02 30th Street #404,Long Island City
318,1 bath,1 bed,0,"$2,400",,26-17 28th Street #16,Astoria
319,1 bath,,0,"$2,000",600 ft²,"1222 30th Avenue, #3G",Astoria
320,1 bath,1 bed,0,"$1,700",,139-09 84 Dr #2A,
321,1 bath,2 beds,0,"$2,250",,44-74 21st Street #8,
322,1 bath,,1,"$2,505",550 ft²,475 48th Avenue #416,Long Island City
323,1 bath,2 beds,0,"$3,000",,30-15 Vernon Boulevard #1,Astoria
324,1 bath,,0,"$2,395",,2-14 50th Avenue #909W,
325,2 baths,2 beds,0,"$3,400","1,075 ft²",40-07 73rd Street #6E,
326,1 bath,,0,"$1,700",700 ft²,30-75 34th Street #3,Astoria
327,2 baths,1 bed,0,"$3,000",850 ft²,14-31 28th Avenue #7,Astoria
328,1 bath,1 bed,0,"$1,775",,31-75 29th Street #2,Astoria
329,1 bath,,0,"$1,375",525 ft²,166-05 Highland Avenue #7S,
330,1 bath,1 bed,0,"$1,675",810 ft²,166-05 Highland Avenue #1B,
331,1 bath,3 beds,0,"$3,000",,30-45 Hobart Street #4G,
332,1.5 baths,2 beds,0,"$1,900",,30-15 42nd Street #2R,Astoria
333,1 bath,1 bed,0,"$1,450",,81-10 135st #415,
334,1 bath,1 bed,0,"$1,450",,103-25 121st #B,
335,2 baths,3 beds,0,"$2,500","1,000 ft²",73-41 53rd Avenue #1,
336,2 baths,2 beds,0,"$3,400","1,025 ft²",12-15 Broadway #220,Astoria
337,1.5 baths,2 beds,0,"$3,000",,44-15 65th Street #2,
338,2 baths,3 beds,0,"$2,500","1,000 ft²",73-41 53rd Avenue #2,
339,1 bath,1 bed,0,"$2,250",720 ft²,23-14 30th Drive #1D,Astoria
340,,1 bed,0,"$1,800",,12-03 Jackson Avenue #3A,
341,1 bath,,0,"$1,400",450 ft²,48-18 41st Street #1,
342,1 bath,1 bed,0,"$1,825",,68-43 Burns Street #5A,
343,1 bath,,0,"$2,000",,11-05 30th Road #6U,Astoria
344,1 bath,2 beds,0,"$2,000",,561 Fairview Avenue #3,
345,1 bath,,0,"$1,550",,44-01 34th Avenue #24,Long Island City
346,1 bath,2 beds,0,"$2,100",,4518 30th Avenue #2,Astoria
347,1 bath,,0,"$1,750",,21-06 33rd Street #C,Astoria
348,1 bath,1 bed,0,"$1,696",,3242 33rd Street #F3,Long Island City
349,2 baths,3 beds,0,"$4,000",980 ft²,26-38 21st Street #6E,Astoria
350,1 bath,1 bed,0,"$2,650",697 ft²,4-74 48th Avenue #30J,
351,1 bath,,0,"$1,575",433 ft²,48-50 37th Street #1D,
352,1 bath,2 beds,0,"$3,250",858 ft²,26-38 21st Street #5K,Astoria
353,1 bath,,0,"$1,950",500 ft²,29-28 41st Avenue #509,Long Island City
354,1 bath,1 bed,0,"$2,500",,42-77 Hunter Street #2B,
355,1 bath,2 beds,0,"$1,400",,160 Beach 117th Street #6C,
356,1 bath,1 bed,0,"$2,650",,41-34 Crescent Street #11H,Long Island City
357,1 bath,1 bed,0,"$2,650",,41-34 Crescent Street #11H,Long Island City
358,1 bath,1 bed,0,"$1,900",800 ft²,111-45 76 Dr #D5,
359,,,0,"$1,500",500 ft²,140-26  Franklin #2D,
360,1 bath,2 beds,0,"$1,750",900 ft²,47-35 44th Street #2F,
361,1 bath,1 bed,0,"$3,025",,11-07 Welling Court #6C,Astoria
362,1 bath,1 bed,0,"$2,200",700 ft²,21-12 45th Road #1B,
363,1 bath,1 bed,0,"$1,850",,3235 30th Street #21B,Long Island City
364,2 baths,2 beds,0,"$3,950","1,000 ft²",1050 Jackson Avenue #2B,Long Island City
365,1 bath,1 bed,0,"$2,285",900 ft²,47-55 39 Place #B,
366,1.5 baths,3 beds,0,"$2,300",,120-15 Ketch Ct ,
367,1 bath,1 bed,0,"$3,365",,43-10 Crescent Street #4103,
368,1 bath,2 beds,0,"$3,850",,43-10 Crescent Street #429,
369,1 bath,1 bed,0,"$3,046",,4705 Center Boulevard #2204,
370,2 baths,5 beds,0,"$2,950",,106-49 Sutphin Boulevard #2,
371,2 baths,2 beds,0,"$4,165","1,094 ft²",4-75 48th Avenue #B4T,
372,1 bath,2 beds,0,"$2,350","1,200 ft²",42-15 81st Street #5V,
373,1 bath,2 beds,0,"$2,350","1,130 ft²",42-15 81st Street #4G,
374,1 bath,2 beds,0,"$2,400",950 ft²,2571 37th Street #1,Astoria
375,1 bath,,0,"$2,100",,41-34  Crescent Street #7A,Long Island City
376,1 bath,,0,"$2,014",,45-50 Pearson Street #5I,
377,1.5 baths,3 beds,0,"$3,500","2,000 ft²",22-14 43rd Street #2,Astoria
378,1 bath,1 bed,0,"$1,550",,23-68 24th Street #2R,Astoria
379,1 bath,1 bed,0,"$2,500","1,000 ft²",26-20 21st Street #1B,Astoria
380,2 baths,2 beds,0,"$2,899","1,100 ft²",25-40 Shore Boulevard #19,Astoria
381,1 bath,,0,"$1,595",600 ft²,75-35 113rd Street #1F,
382,1 bath,1 bed,0,"$1,850",600 ft²,30-76 30th #4C,Astoria
383,1 bath,3 beds,0,"$2,200",,6706 64th Street #2L,
384,2 baths,3 beds,0,"$4,500","1,300 ft²",30-02 30th Avenue #402A,Astoria
385,1.5 baths,2 beds,0,"$3,600",,20-74 33rd Street #1,Astoria
386,1 bath,3 beds,0,"$2,500",850 ft²,41-16 30th Avenue #2R,Astoria
387,1 bath,,0,"$1,600",,32-79 44th Street #21,Long Island City
388,1 bath,2 beds,0,"$2,100","1,050 ft²",63-02 Saunders Street #2F,
389,1 bath,3 beds,0,"$2,300",,6706 64th Street #2R,
390,2 baths,3 beds,0,"$2,100",,144-54 27th Avenue #1,
391,1 bath,1 bed,0,"$2,100",,23-11 21st Avenue #3E,Astoria
392,1 bath,1 bed,0,"$3,000",737 ft²,11-02 49th Avenue #8N,
393,1 bath,1 bed,0,"$3,400",850 ft²,23-10 41st Avenue #17A,Long Island City
394,1 bath,2 beds,0,"$1,900",950 ft²,75-37 113rd Street #3R,
395,1 bath,1 bed,0,"$1,725",700 ft²,71-11 110th Street #1D,
396,1 bath,2 beds,0,"$2,400",850 ft²,30-29 38th Street #4C,Astoria
397,1 bath,2 beds,0,"$1,525",,115-12 168th Street #2,
398,1 bath,1 bed,0,"$2,100",,45-36 39th Place #1E,
399,1 bath,1 bed,0,"$1,798",,41-15 51st Street #C44,
400,1.5 baths,3 beds,0,"$3,950",,5-36 50th Avenue #1,
401,2 baths,2 beds,0,"$2,395",800 ft²,141-48 84 Dr #7A,
402,1 bath,3 beds,0,"$3,100",,5-36 50th Avenue #3,
403,1 bath,1 bed,0,"$2,200",600 ft²,41-15 29th Street #702,Long Island City
404,1 bath,1 bed,0,"$1,950",600 ft²,141-48 84 Dr #5B,
405,1 bath,,0,"$1,850",,47-39 40th Street #3J,
406,1 bath,1 bed,0,"$2,648",,29-11 Queens Plaza North #15C,Long Island City
407,1 bath,,0,"$1,575",433 ft²,48-50 37th Street #1D,
408,1 bath,1 bed,0,"$2,300",,47-25 40th Street #1G,
409,1 bath,1 bed,0,"$2,100",,47-39 40th Street #1E,
410,1 bath,1 bed,0,"$1,775",,39-12 Corporal Stone Street #1L,
411,1 bath,1 bed,0,"$2,200",,43-09 Skillman Avenue #1,
412,1 bath,1 bed,0,"$2,000",,47-25 40th Street #1H,
413,1 bath,2 beds,0,"$2,299",800 ft²,20-27 23rd Street #2,Astoria
414,1 bath,1 bed,0,"$3,094",629 ft²,44-41 Purves Street #1905,
415,1 bath,2 beds,0,"$2,300",850 ft²,31-61 35th Street #2F,Astoria
416,,1 bed,1,"$1,750",750 ft²,23-91 31st Street #1,Astoria
417,1 bath,2 beds,0,"$2,500",,245-83 63rd Avenue #2,
418,1 bath,1 bed,0,"$1,575",700 ft²,61-20 43rd Avenue #4C,
419,1 bath,2 beds,0,"$2,300",,31-05 34th Avenue #3,Long Island City
420,1 bath,,0,"$2,000",600 ft²,"1222 30th Avenue, #3G",Astoria
421,1 bath,2 beds,0,"$3,925",,45-50 Pearson Street #6K,
422,1 bath,1 bed,0,"$1,650",700 ft²,42-25 65th Place #2C,
423,1 bath,1 bed,0,"$1,900",839 ft²,105-40 62nd Road #3P,
424,2 baths,2 beds,0,"$2,650","1,262 ft²",123-60 83rd Avenue #PHC,
425,1 bath,2 beds,0,"$2,275",840 ft²,44-15 Colden Street #5W,
426,1 bath,,0,"$1,600",495 ft²,123-60 83rd Avenue #7V,
427,1 bath,,0,"$1,650",561 ft²,98-01 67th Avenue #10M,
428,1 bath,,0,"$1,725",561 ft²,98-01 67th Avenue #9M,
429,1 bath,,0,"$1,500",508 ft²,44-35 Colden Street #4H,
430,1 bath,2 beds,0,"$2,225","1,073 ft²",62-60 108th Street #3H,
431,1 bath,2 beds,0,"$2,100",,99-09 42nd Avenue #2R,
432,2 baths,3 beds,0,"$9,000","1,433 ft²",44-41   Purves Street #2602,
433,1 bath,2 beds,0,"$2,000",,505 Woodward Avenue #3L,
434,1 bath,1 bed,0,"$2,665",,29-11 Queens Plaza North #16H,Long Island City
435,2 baths,2 beds,0,"$3,950",,5-11 47th Avenue #11K,
436,1 bath,2 beds,0,"$2,000",,505 Woodward Avenue #2R,
437,1 bath,2 beds,0,"$2,400",,28-51 34th Street #3,Astoria
438,2 baths,3 beds,0,"$9,230","1,412 ft²",44-41  Purves Street #2603,
439,1 bath,2 beds,0,"$2,400","1,000 ft²",1712 Harman #1,
440,2 baths,2 beds,0,"$2,600",,31-61 44th Street #3,Astoria
441,2 baths,3 beds,0,"$6,925","1,426 ft²",44-41  Purves Street #2504,
442,1 bath,1 bed,0,"$1,875",900 ft²,44-15 43rd Avenue #F4,
443,2 baths,2 beds,0,"$4,615","1,051 ft²",44-41   Purves Street #2501,
444,2 baths,2 beds,0,"$4,525","1,027 ft²",44-41   Purves Street #2505,
445,2 baths,2 beds,0,"$3,920",913 ft²,44-41  Purves Street #2209,
446,1 bath,1 bed,0,"$2,935",630 ft²,44-41   Purves Street #2203,
447,1 bath,,0,"$1,350",,34-20 75th Street #2B,
448,2 baths,2 beds,0,"$4,033","1,054 ft²",41-17 Crescent Street #PH3F,Long Island City
449,1 bath,2 beds,0,"$2,300","1,100 ft²",6141 Saunders Street #B45,
450,1 bath,1 bed,0,"$2,200",850 ft²,98-30 67th Avenue #1B,
451,2 baths,2 beds,0,"$4,400","1,068 ft²",48-21 5th Street #3M,
452,1 bath,2 beds,0,"$1,950",,80-20 Broadway #1G,
453,1 bath,1 bed,0,"$1,800",750 ft²,28-15 42nd Street #D1,Astoria
454,2 baths,3 beds,0,"$3,895","1,327 ft²",104-20 Queens Boulevard #18V,
455,1 bath,1 bed,0,"$1,650",,1910 21 Drive #2R,Astoria
456,1 bath,1 bed,0,"$1,600",,2561 43rd Street #2D,Astoria
457,1 bath,1 bed,0,"$1,500",,70-50 45th Avenue #1,
458,1.5 baths,3 beds,0,"$2,300",,108-52 51st Avenue #2,
459,1 bath,2 beds,0,"$1,850",,138-30 77th Avenue #65B,
460,1 bath,2 beds,0,"$1,750",,77-20 138th Street #30E,
461,1 bath,,0,"$1,950",531 ft²,104-20 Queens Boulevard #6N,
462,1 bath,,0,"$2,445",,61-55 Junction Boulevard #21Q,
463,1 bath,1 bed,0,"$2,050",,48-16 46th Street #B5,
464,1 bath,3 beds,0,"$2,995","1,100 ft²",2606 24th Avenue #1,Astoria
465,2 baths,2 beds,0,"$2,000",900 ft²,70-50 45th Avenue #3,
466,1 bath,3 beds,0,"$2,975","1,000 ft²",3109 33rd Street #2,Astoria
467,1 bath,,0,"$1,675",350 ft²,37-56 80th Street #5E,
468,1 bath,3 beds,0,"$2,800","1,200 ft²",85-16 63rd Drive #2,
469,1 bath,1 bed,0,"$3,400",850 ft²,23-10 41st Avenue #17A,Long Island City
470,2 baths,2.5 beds,0,"$2,899",,30-01 29th Street #3,Astoria
471,1 bath,2 beds,0,"$2,195",,34-44 28th Street #1R,Long Island City
472,1 bath,1 bed,0,"$1,850",,31-36 43rd Street #2,Astoria
473,1 bath,3 beds,0,"$2,995",,31-40 37th Street #2,Astoria
474,1 bath,1 bed,0,"$1,995",,37-50 77th Street #EVAR3,
475,2 baths,3 beds,0,"$2,795",,37-50 77th Street #GVAR3,
476,1 bath,1 bed,0,"$2,650",697 ft²,4-74 48th Avenue #30J,
477,1 bath,1 bed,0,"$2,700","1,300 ft²",36-04 28th Avenue #6,Astoria
478,1 bath,1 bed,0,"$3,200","1,200 ft²",33-05 Broadway #2,Astoria
479,1 bath,1 bed,0,"$1,650",,87-15 165th Street #6J,
480,1 bath,2 beds,0,"$2,600",,51-06 Vernon Boulevard #2,
481,1.5 baths,3 beds,0,"$2,800",,140-08 69th Rd #1,
482,2 baths,2 beds,0,"$4,350","1,103 ft²",108-20 71st Avenue #11B,
483,1 bath,2 beds,0,"$1,950",725 ft²,31-76 35th Street #3R,Astoria
484,1 bath,1 bed,0,"$1,700",,4010 83rd Street #2,
485,2 baths,2 beds,0,"$2,000","1,500 ft²",118-16 Union Tpke #EC2,
486,1 bath,1 bed,0,"$2,250",950 ft²,83-30 118th Street #6I,
487,1 bath,2 beds,0,"$2,450",700 ft²,45-09 41STREET #3R,
488,1 bath,3 beds,0,"$2,450",,30-86 32nd Street #36,Astoria
489,1 bath,1 bed,0,"$1,750",600 ft²,1147 Welling Court #3,Astoria
490,1 bath,1 bed,0,"$2,442",,29-11 Queens Plaza North #23D,Long Island City
491,1 bath,1 bed,0,"$2,979","1,531 ft²",41-17 Crescent Street #8Q,Long Island City
492,1 bath,2 beds,0,"$2,850",,32-69 33rd Street #2R,Long Island City
493,1 bath,3 beds,0,"$2,400",,26-34 18th Street #1R,Astoria
494,1 bath,1 bed,0,"$1,925",,14-34 31st Avenue #3C,Astoria
495,1 bath,2 beds,0,"$2,400",,28-51 34th Street #3RDFL,Astoria
496,2 baths,2 beds,0,"$3,150","1,300 ft²",28-05 29th Street #1A,Astoria
497,1 bath,1 bed,0,"$2,400",700 ft²,2160 33rd Street #3E,Astoria
498,1 bath,1 bed,0,"$2,300",,28-05 29th Street #4B,Astoria
499,1 bath,1 bed,0,"$2,300",,25-50 Crescent Street #5B,Astoria
500,1 bath,2 beds,0,"$2,400",,30-45 33rd Street #2R,Astoria
501,1 bath,2 beds,0,"$2,400",,28-32 47th Street #2F,Astoria
502,1 bath,2 beds,0,"$2,050",800 ft²,3091 44th Street #3R,Astoria
503,1 bath,1 bed,0,"$1,500",,49-10 21st Avenue #1F,Astoria
504,2 baths,2 beds,0,"$3,950","1,000 ft²",1050 Jackson Avenue #2B,Long Island City
505,2 baths,2 beds,0,"$3,950",,5-11 47th Avenue #11K,
506,1 bath,3 beds,0,"$2,850","1,300 ft²",2220 73rd Street #2,Astoria
507,1 bath,3 beds,0,"$3,000",,2411 35th Street #1,Astoria
508,1 bath,1 bed,0,"$2,000",750 ft²,43-09 47th Avenue #6R,
509,1 bath,studio,0,"$1,725",,41-26 73rd Street #A32,
510,1 bath,1 bed,0,"$1,950",,43-09 47th Avenue #1E,
511,1 bath,1 bed,0,"$1,950",,99-65 64th Rd #2A,
512,1 bath,2 beds,0,"$2,500",850 ft²,28-45 33rd Street #1R,Astoria
513,1 bath,1 bed,0,"$2,150",,30-26 31st Street #C1,Astoria
514,1 bath,2 beds,0,"$2,000",,72-33 67th Street #2R,
515,1 bath,2 beds,0,"$2,400",,31-74 35th Street #2F,Astoria
516,1 bath,1 bed,0,"$1,850",,31-64 30th Street #25,Astoria
517,2 baths,3 beds,0,"$3,500",,25-50 33rd Street #4,Astoria
518,1 bath,1 bed,0,"$3,000",737 ft²,11-02 49th Avenue #8N,
519,1 bath,1 bed,0,"$2,395",,37-12 31st Avenue #5F,Astoria
520,1 bath,1 bed,0,"$1,800",,23-83 37th Street #1,Astoria
521,1 bath,1 bed,0,"$1,975",,25-36 27th Street #2A,Astoria
522,1 bath,2 beds,0,"$2,400",,28-39 49th Street #1,
523,1 bath,2 beds,0,"$2,000",,31-41 41st Street #2F,Astoria
524,1 bath,3 beds,0,"$3,000","1,000 ft²",31-04 33rd Street #1,Astoria
525,,1 bed,1,"$2,500",500 ft²,143-26 41st Avenue #4C,
526,1 bath,1 bed,0,"$1,950",500 ft²,47-06 46th Street #PP4C,
527,1 bath,1 bed,0,"$2,050",500 ft²,47-06 46th Street #D1,
528,2 baths,2 beds,0,"$2,800",800 ft²,143-26 41st Avenue #4A,
529,1 bath,2 beds,0,"$2,099",750 ft²,60-64 Catalpa #A,
530,1 bath,4 beds,0,"$2,999",900 ft²,917 Onderdonk #5,
531,,2 beds,1,"$2,800",638 ft²,143-28 41st Avenue #4C,
532,1 bath,1 bed,0,"$2,191",,75-25 153rd Street #324,
533,2 baths,2 beds,0,"$4,400",,4615 Center Boulevard #1404,
534,1 bath,1 bed,0,"$1,500",621 ft²,14142 84 Road #4F,
535,1 bath,2 beds,0,"$1,800",950 ft²,141-41 85 Road #5A,
536,1 bath,1 bed,0,"$1,700",850 ft²,79-01 35th Avenue #XX,
537,1 bath,1 bed,0,"$1,800",,76-10 34th Avenue #6R,
538,1 bath,1 bed,0,"$1,900",,2710 Astoria Boulevard #7,Astoria
539,2 baths,2 beds,0,"$2,100","1,129 ft²",144-87 41st Avenue #223,
540,1 bath,3 beds,0,"$2,300","1,100 ft²",6451 Central Avenue #3,
541,1 bath,2.5 beds,0,"$1,850",,6440 Madison Street #3,
542,1 bath,,0,"$1,450",,142-20 84 Drive #1G,
543,1 bath,1 bed,0,"$2,250",,31-78 34th Street #33,Astoria
544,1 bath,,0,"$1,480",,142-20 84 Drive #1P,
545,1.5 baths,2 beds,0,"$3,850",700 ft²,11-24 31st Avenue #18A,Long Island City
546,1 bath,1 bed,0,"$2,395",,37-12 31st Avenue #5F,Astoria
547,1 bath,,0,"$2,000",600 ft²,"1222 30th Avenue, #3G",Astoria
548,1 bath,2 beds,0,"$3,700",,2734 21st Street #7,Astoria
549,1 bath,2 beds,0,"$1,950","1,090 ft²",51-15 Van Kleeck Street #7H,
550,2 baths,2 beds,0,"$2,300",,118-82 Metropolitan Avenue #6A,
551,1 bath,1 bed,0,"$2,200",,21-34 45th Avenue #1,
552,1 bath,1 bed,0,"$2,495",,27-17 Crescent Street #5A,Astoria
553,1 bath,2 beds,0,"$1,950",,6706 64th Street #1R,
554,1 bath,2 beds,0,"$1,875",,51-53 47th Street #1,
555,1 bath,2 beds,0,"$2,200",,61-38 56th Street #1,
556,1 bath,1 bed,0,"$1,795",780 ft²,112-17 75th Avenue #1R,
557,2 baths,2 beds,0,"$4,125",,4545 Center Boulevard #1818,
558,1 bath,,0,"$2,500",,4610 Center Boulevard #608,
559,2 baths,2 beds,0,"$4,520",,4615 Center Boulevard #1904,
560,1 bath,1 bed,0,"$1,700",,6933 60th Avenue #1,
561,1.5 baths,3 beds,0,"$2,500",,15-59 209th Street #2F,
562,1 bath,1 bed,0,"$1,750",,25-21 31st Avenue #3R,Astoria
563,1 bath,3 beds,0,"$2,100",,53-57 Metropolitan Avenue #2,
564,1 bath,2 beds,0,"$2,195",,26-22 18th Street #3R,Astoria
565,1.5 baths,3 beds,0,"$2,200",,69-16 60th Avenue #2,
566,1 bath,2 beds,0,"$2,900","1,000 ft²",24-06 Hoyt Avenue South #2,Astoria
567,1.5 baths,3 beds,0,"$3,150","1,500 ft²",23-05 Steinway #2F,Astoria
568,1 bath,,0,"$1,395",400 ft²,34-34 77th Street #5J,
569,1 bath,2 beds,0,"$1,800",,6094 Flushing Avenue #2,
570,1 bath,3 beds,0,"$3,200",,36-14 30th Avenue #2,Astoria
571,1 bath,2 beds,0,"$2,200",,37-06 81st Street #6G,
572,1 bath,1 bed,0,"$1,742",,37-30 81st Street #C12,
573,1 bath,1 bed,0,"$1,604",,34-19 90th Street #A63,
574,1 bath,1 bed,0,"$1,599",682 ft²,20-10 Seagirt Boulevard #E,
575,1 bath,1 bed,0,"$1,650",,37-06 69th Street #6G,
576,1 bath,1 bed,0,"$1,925",,30-49 Crescent Street #H3D4,Astoria
577,1 bath,1 bed,0,"$2,600",,41-18 Crescent Street #6C,Long Island City
578,1 bath,2 beds,0,"$2,900","1,000 ft²",24-06 Hoyt Avenue South #1,Astoria
579,1 bath,2 beds,0,"$2,200",,34-24 44th Street #3F,Long Island City
580,1 bath,3 beds,0,"$2,850",,605 Onderdonk Avenue #2R,
581,1 bath,1 bed,0,"$1,800",767 ft²,123-60 83rd Avenue #4K,
582,1 bath,2 beds,0,"$2,000",,24-15 41st Street #2F,Astoria
583,1 bath,1 bed,0,"$1,575",744 ft²,8423 Lander Street #3R,
584,1 bath,2 beds,0,"$2,400",,73-11 21st Avenue #1,Astoria
585,1 bath,1 bed,0,"$2,400",700 ft²,2550 Crescent Street #4C,Astoria
586,1 bath,,0,"$1,595",,75-10 Gcp #5C,
587,1 bath,,0,"$1,495",,75-10 Gcp #4D,
588,1 bath,1 bed,0,"$2,191",,75-25 153rd Street #324,
589,1 bath,1 bed,0,"$1,550",,23-68 24th Street #2R,Astoria
590,1 bath,1 bed,0,"$2,475",,30-50 21st Street #6C,Astoria
591,1 bath,1 bed,0,"$1,700",,83-80 118th Street #2M,
592,1 bath,2 beds,0,"$2,295",,1879 Troutman Street #2R,
593,1 bath,,0,"$2,000",,11-05 30th Rd #4E,Astoria
594,1 bath,1 bed,0,"$2,100",,31-10 23rd Street #2C,Astoria
595,1 bath,2 beds,0,"$2,200",950 ft²,61-17 68th Avenue #1A,
596,1 bath,1 bed,0,"$1,665",,45-34 47th Street #4C,
597,,,0,"$1,800",,30-10 Steinway Street #1,Astoria
598,1 bath,1 bed,0,"$2,600",735 ft²,30-46 30th Street #4B,Astoria
599,2 baths,2 beds,0,"$3,350",886 ft²,25-40 Shore Boulevard #14R,Astoria
600,2 baths,3 beds,0,"$3,117","1,600 ft²",314 Onderdonk Avenue #1L,
601,1 bath,3 beds,0,"$2,750",,314 Onderdonk Avenue #32,
602,2 baths,3 beds,0,"$2,850",,1713 Madison Street #3R,
603,1 bath,,1,"$2,505",550 ft²,475 48th Avenue #416,Long Island City
604,1.5 baths,2 beds,0,"$3,000",,44-15 65th Street #2,
605,1 bath,1 bed,0,"$1,500",,88-44 81st Road #2,
606,1 bath,1 bed,0,"$1,300",,193-16 39th Avenue #LOWER,
607,1 bath,1.5 beds,0,"$1,625",900 ft²,60-15 Fresh Pond Rd #A14,
608,1 bath,1 bed,0,"$1,800",750 ft²,47-47 44th Street #1,
609,2 baths,3 beds,0,"$2,400","1,290 ft²",65-10 99th Street #2E,
610,1 bath,1 bed,0,"$1,500",,21-35 41st Street #B7,Astoria
611,1 bath,1 bed,0,"$1,800",900 ft²,105-28 65th Avenue #601,
612,1 bath,1 bed,0,"$1,600",550 ft²,48-53 45th Street #C3,
613,1 bath,,0,"$1,480",350 ft²,142-02 84th Drive #1G,
614,1 bath,1 bed,0,"$1,695",700 ft²,45-36 39 Place #L1,
615,1 bath,1 bed,0,"$3,195",,43-10 Crescent Street #1519,
616,1 bath,3 beds,0,"$2,950","1,050 ft²",23-29 26th Street #2F,Astoria
617,1 bath,1 bed,0,"$2,588",590 ft²,41-42 24th Street #4322,Long Island City
618,1 bath,1 bed,0,"$1,800",800 ft²,11817 Union Tpke #8E,
619,1 bath,1 bed,0,"$1,700",,44-01 30th Avenue #F,Astoria
620,1 bath,2 beds,0,"$2,650",,26-11 21st Street #3B,Astoria
621,2 baths,3 beds,0,"$3,300",,26-11 21st Street #1C,Astoria
622,1 bath,2 beds,0,"$2,800",800 ft²,25-16 30th Dr #3,Astoria
623,1 bath,1 bed,0,"$1,750",,31-19 33rd Street #25,Astoria
624,1 bath,1 bed,0,"$1,650",700 ft²,42-30 65th Place #4B,
625,1 bath,1 bed,0,"$1,750",,31-19 33rd Street #6,Astoria
626,1 bath,2 beds,0,"$2,900","1,100 ft²",43-15 45th Street #2T,
627,1 bath,2 beds,0,"$2,195",850 ft²,30-38 49th Street #1,
628,1 bath,1 bed,0,"$1,975",,85-15 120th Street #1D,
629,1 bath,2 beds,0,"$2,000",,34-33 43rd Street #2R,Long Island City
630,2 baths,3 beds,0,"$3,388",,75-25 153rd Street #511,
631,1 bath,,0,"$2,044",,26-14 Jackson Avenue #9C,
632,1.5 baths,4 beds,0,"$3,200",,61-45 Palmetto Street Ridgewood #2,
633,1 bath,,0,"$1,550",350 ft²,72-15 37th Avenue #24,
634,1 bath,1 bed,0,"$1,875",800 ft²,35-25 30th Street #2G,Long Island City
635,1 bath,1 bed,0,"$1,675",850 ft²,85-18 118th Street #4G,
636,1 bath,3 beds,0,"$2,950",,21-05 33rd Street #5A,Astoria
637,1 bath,1 bed,0,"$2,300",900 ft²,41-22 42nd Street #2T,
638,1 bath,2 beds,0,"$2,650",950 ft²,47-10 44th Street #3K,
639,1 bath,1 bed,0,"$2,200",900 ft²,30-60 29th Street #A10,Astoria
640,1 bath,4 beds,0,"$2,850",,25-47 14th Place #2,Astoria
641,1 bath,1 bed,0,"$3,500",,112-01 Queens Boulevard #5A,
642,1 bath,1 bed,0,"$2,350",800 ft²,35-35 75th Street #2,
643,2 baths,2 beds,0,"$3,942","1,246 ft²",41-17 Crescent Street #5M,Long Island City
644,1 bath,1 bed,0,"$1,599",682 ft²,20-10 Seagirt Boulevard #E,
645,1 bath,2 beds,0,"$3,000",,30-15 Vernon Boulevard #1,Astoria
646,1 bath,1 bed,0,"$2,250",850 ft²,47-25 40 #G,
647,1 bath,1 bed,0,"$1,750",721 ft²,8411 Lander Street #34,
648,1 bath,2 beds,0,"$2,200",,25-41 21st Street #1F,Astoria
649,1 bath,2 beds,0,"$1,900",,34-48 11th Street #2R,Long Island City
650,1 bath,1 bed,0,"$1,700",,23-40 Broadway #5B,Long Island City
651,1 bath,,0,"$1,500",450 ft²,109-05 72nd Avenue #6L,
652,1 bath,1 bed,0,"$1,875",850 ft²,75-41 113rd Street #2,
653,1 bath,1 bed,0,"$1,850",,31-24 32nd Street #2B,Astoria
654,1 bath,3 beds,0,"$3,000","1,100 ft²",32-19 33rd Street #2,Long Island City
655,2 baths,2 beds,0,"$2,195","1,025 ft²",178-10 Wexford Terrace #5P,
656,1 bath,1 bed,0,"$1,850",800 ft²,109-05 72nd Avenue #4A,
657,1 bath,1 bed,0,"$2,050",,31-36 43rd Street #2R,Astoria
658,2 baths,2 beds,0,"$3,222",,31-57 31st Street #413,Astoria
659,1 bath,,0,"$1,600",519 ft²,153-30 89th Avenue #804,
660,1 bath,2 beds,0,"$2,150",,26-24 18th Street #3,Astoria
661,1 bath,2 beds,0,"$2,000",,36-26 Greenpoint Avenue #2,
662,1 bath,,0,"$1,150",,40-22 67th Street #C4,
663,1 bath,,0,"$1,150",,40-22 67th Street #A,
664,1 bath,2.5 beds,0,"$2,495",,66-24 Forest Avenue #2L,
665,1 bath,2 beds,0,"$2,100","1,000 ft²",67-15 52nd Avenue #1,
666,1 bath,2 beds,0,"$2,000",,21-59 42nd Street #1R,Astoria
667,1 bath,2 beds,0,"$2,300",,30-57 38th Street #3F,Astoria
668,2 baths,3 beds,0,"$2,500","1,400 ft²",20-04 49th Street #3,Astoria
669,1 bath,2 beds,0,"$2,150",900 ft²,30-26 31st Street #1R,Astoria
670,1 bath,2 beds,0,"$2,400",,19-23 23rd Avenue #2,Astoria
671,1 bath,,0,"$1,400",500 ft²,3334 77th Street #4C,
672,1 bath,1 bed,0,"$1,750",700 ft²,84-14 143rd Street #4A,
673,1 bath,1 bed,0,"$2,500","1,000 ft²",26-20 21st Street #1B,Astoria
674,1 bath,3 beds,0,"$1,950","1,000 ft²",101-35 112STREET #1,
675,1 bath,2 beds,0,"$2,500",,28-45 33rd Street #2R,Astoria
676,1 bath,2 beds,0,"$2,000",800 ft²,40-22 67th Street #D4,
677,1 bath,,1,"$1,650",,147-06 Edgewood Street #2,
678,1 bath,2 beds,0,"$1,750",,47-11 30th Avenue #GB,
679,2 baths,2 beds,0,"$3,814",,42-14 Crescent Street #9A,
680,2 baths,2 beds,0,"$2,500",,111-09 76 Rd #6F,
681,1 bath,1 bed,0,"$1,950",800 ft²,111-45 76 Dr #4D,
682,2 baths,3 beds,0,"$3,200","1,400 ft²",34-35 73rd Street #1,
683,4+ baths,6 beds,0,"$5,199","5,971 ft²","110-40 70th Rd, ",
684,1 bath,2 beds,0,"$2,100",800 ft²,30-75 44th Street #2,Astoria
685,1 bath,1 bed,0,"$1,900",450 ft²,14-31 28th Avenue #1,Astoria
686,1 bath,,0,"$2,295",420 ft²,4-74 48th Avenue #4B,
687,1 bath,2 beds,0,"$3,925",,45-50 Pearson Street #6K,
688,1 bath,2 beds,0,"$2,350",,43-30 48th Street #34,
689,1 bath,1 bed,0,"$2,100",,52-39 39th Avenue #52,
690,1 bath,1 bed,0,"$2,295",670 ft²,47-09 Skillman Avenue #A3,
691,2 baths,4 beds,0,"$3,395","1,300 ft²",557 Fairview #1,
692,1 bath,1 bed,0,"$1,950",,2614 12th Street #5F,Astoria
693,1 bath,2 beds,0,"$2,099","1,000 ft²",65-39 108th Street #B6,
694,1 bath,1 bed,0,"$1,750",,28-2 44th Street #1F,Astoria
695,1 bath,2 beds,0,"$2,200",,25-4 44th Street #3F,Astoria
696,1 bath,2 beds,0,"$2,600",,41-04 23rd Street #3L,Long Island City
697,1 bath,,0,"$1,600",,44-01 34th Avenue #11,Long Island City
698,1 bath,1 bed,0,"$1,795",,3424 77th Street #2P,
699,1.5 baths,3 beds,0,"$2,500",,32-25 203rd Street #3BR,
700,1 bath,1 bed,0,"$2,013",,75-25 153rd Street #337,
701,1 bath,2 beds,0,"$2,850",,32-69 33rd Street #2R,Long Island City
702,1 bath,1 bed,0,"$2,050",,105-05 69th Avenue #203,
703,1 bath,1 bed,0,"$2,050",,105-05 69th Avenue #418,
704,1 bath,1 bed,0,"$2,400",,105-05 69th Avenue #317,
705,2 baths,3 beds,0,"$3,500",,11132 76th Avenue #2G,
706,2 baths,2 beds,0,"$4,800","1,160 ft²",26-26 Jackson Avenue #PH1002,
707,1 bath,1 bed,0,"$1,750",,25-33 36th Avenue #3B,Long Island City
708,1 bath,2 beds,0,"$2,500",,3279 44th Street #1,Long Island City
709,1 bath,2 beds,0,"$2,500",,35-46 29th Street #3B,Long Island City
710,1 bath,2 beds,0,"$2,500",,32-79 44th Street #1,Long Island City
711,2 baths,2 beds,0,"$3,300",,11-15 Broadway #3G,Astoria
712,1 bath,3 beds,0,"$2,400",,36-45 30th Street #3,Long Island City
713,1 bath,2 beds,0,"$2,200",,31-18 41st #21,Astoria
714,2 baths,2 beds,0,"$3,400","1,025 ft²",12-15 Broadway #220,Astoria
715,1 bath,1 bed,0,"$3,400",850 ft²,23-10 41st Avenue #17A,Long Island City
716,1 bath,1 bed,0,"$1,595",700 ft²,64-12  Wetherole Street #1B,
717,1.5 baths,3 beds,0,"$2,700","1,200 ft²",75-63 113th Street #3,
718,1 bath,3 beds,0,"$2,900",,2822 47th Street #2,Astoria
719,1 bath,1 bed,0,"$1,875",,32-06 35th Avenue #21,Long Island City
720,1 bath,1 bed,0,"$1,750",820 ft²,63-109 Saunders Street #E13,
721,1 bath,1 bed,0,"$2,291",642 ft²,11-15 Broadway #3L,Astoria
722,2 baths,2 beds,0,"$3,236",,31-57 31st Street #415,Astoria
723,1 bath,2 beds,0,"$2,195",,205-16 42nd Avenue #63B,
724,1 bath,1 bed,0,"$2,000",,11132 76th Avenue #4F,
725,1 bath,1 bed,0,"$1,800",600 ft²,48-35 45th Street #2R,
726,1 bath,1 bed,0,"$1,599",,41-72 Judge Street #4G,
727,1 bath,1 bed,0,"$2,000",800 ft²,35-27 81st Street #5E,
728,1 bath,1 bed,0,"$2,650",697 ft²,4-74 48th Avenue #30J,
729,1 bath,1 bed,0,"$1,650",,42-25 65th Place #2C,
730,1 bath,2 beds,0,"$2,600",850 ft²,35-09 Broadway #2,Astoria
731,1 bath,2 beds,0,"$1,799",,67-67 Burns Street #4R,
732,1 bath,1 bed,0,"$2,175",,52-05 Queens Boulevard #4A,
733,1 bath,2 beds,0,"$2,525",,51-01 39th Avenue #W45,
734,1 bath,,0,"$2,500",,2704 Hoyt Avenue #4,Astoria
735,1 bath,2 beds,0,"$2,000",,192-15 39th #1,
736,1 bath,2 beds,0,"$2,350",,30-45 43rd Street #2,Astoria
737,1 bath,1 bed,0,"$1,550",,34-16 93rd Street #C4,
738,1 bath,2 beds,0,"$2,050",,21-16 35th Street #5G,Astoria
739,1 bath,3 beds,0,"$3,000","1,000 ft²",2432 24th Street #2,Astoria
740,1 bath,2 beds,0,"$2,400",800 ft²,2584 38th Street #3,Astoria
741,1 bath,1 bed,0,"$1,795",,85-15 Main Street #6G,
742,1 bath,2 beds,0,"$2,195",900 ft²,108-02 72nd Avenue #6,
743,1 bath,1 bed,0,"$2,350",724 ft²,31-35 Crescent Street #5L,Astoria
744,1.5 baths,3 beds,0,"$3,900",,6164 Grand Avenue ,
745,1 bath,3 beds,0,"$3,300",,67-88 Dartmouth Street ,
746,1 bath,1 bed,0,"$2,000",,37-33 29th Street #12A,Long Island City
747,2.5 baths,4 beds,0,"$4,800","2,000 ft²",21 Whitson Street ,
748,1 bath,1 bed,0,"$1,875",,3279 44th Street #4F,Long Island City
749,2 baths,3 beds,0,"$2,250",,86-35 239th Street #2,
750,1 bath,1 bed,0,"$1,500",,144-37 25th Road #1,
751,1 bath,1 bed,0,"$1,650",,109-05 120th Street #D6,
752,1 bath,1 bed,0,"$1,800",,76-10 34th Avenue #6S,
753,1 bath,1 bed,0,"$1,500",,61-40 170th Street #1,
754,1 bath,1 bed,0,"$2,200",,105-05 69th Avenue #310,
755,1 bath,2 beds,0,"$2,800",,2804 31st Street #5,Astoria
756,2 baths,2 beds,0,"$4,250",,10-50 Jackson Avenue #7B,Long Island City
757,1 bath,1 bed,0,"$2,550",663 ft²,23-88 31st Street #3E,Astoria
758,1 bath,1 bed,0,"$1,800",,76-10 34th Avenue #6R,
759,3 baths,4 beds,0,"$4,795",,19-18 24th Avenue #2,Astoria
760,1 bath,1 bed,0,"$1,850",860 ft²,98-11 Queens Boulevard #2C,
761,1 bath,1 bed,0,"$1,950",,35-16 31st Avenue #2A,Astoria
762,1 bath,2 beds,0,"$2,100",900 ft²,28-20 44th Street #2,Astoria
763,1 bath,2 beds,0,"$2,000",800 ft²,30-40 44th Street #2,Astoria
764,1 bath,1 bed,0,"$1,850",,35-14 28th Avenue #2,Astoria
765,1 bath,2 beds,0,"$2,000",950 ft²,28-20 46th Street #1,Astoria
766,1 bath,3 beds,0,"$2,000",,1826 Hart Street #2,
767,1 bath,2 beds,0,"$2,100","1,000 ft²",73-15 21st Avenue #1,Astoria
768,1 bath,1 bed,0,"$1,850",692 ft²,84-20 Austin Street #7L,
769,1 bath,,0,"$1,725",616 ft²,72-10 41st Avenue #5E,
770,1 bath,1 bed,0,"$2,650",697 ft²,4-74 48th Avenue #30J,
771,1 bath,1 bed,0,"$1,850",,25-18 33rd Street #2F,Astoria
772,1 bath,1 bed,0,"$1,825",552 ft²,67-15 Dartmouth Street #2E,
773,1 bath,1 bed,0,"$1,675",625 ft²,111-55 77th Avenue #5C,
774,1 bath,1 bed,0,"$2,150",,47-22 41st #2F,
775,1 bath,3 beds,0,"$2,450",,28-08 Crescent Street #12A,Astoria
776,1 bath,2 beds,0,"$2,100",900 ft²,42-17 68th Street #3,
777,1 bath,2 beds,0,"$2,200","1,037 ft²",96-10 57th Avenue #ROM16M,
778,1 bath,2 beds,0,"$2,195",,45-25 39 Place #2C,
779,1 bath,3 beds,0,"$2,400",,6636 Central Avenue #3,
780,1 bath,1 bed,0,"$1,850",,25-44 Broadway #6B,Long Island City
781,1 bath,2 beds,0,"$2,300","1,100 ft²",6141 Saunders Street #B45,
782,1 bath,1 bed,0,"$1,875",,47-05 45th Street #E9,
783,1 bath,,0,"$1,475",,47-05 45th Street #A6,
784,1 bath,1 bed,0,"$2,442",,29-11 Queens Plaza North #23D,Long Island City
785,1 bath,1 bed,0,"$1,994",,75-25 153rd Street #119,
786,1 bath,1 bed,0,"$1,875",,44-14 47th Avenue #A5,
787,1 bath,1 bed,0,"$1,750",,47-05 45th Street #A4,
788,1 bath,1 bed,0,"$2,500","1,000 ft²",26-20 21st Street #1B,Astoria
789,1 bath,1 bed,0,"$1,825",,41-15 46th Street #3G,
790,1 bath,2 beds,0,"$2,000",800 ft²,51-16 Skillman Avenue #2R,
791,1 bath,1 bed,0,"$3,325",,4545 Center Boulevard #3115,
792,1 bath,1 bed,0,"$1,800",,41-16 51st Street #2D,
793,1 bath,2 beds,0,"$2,300",,41-16 51st Street #2A,
794,1 bath,1 bed,0,"$1,700",,33-10 Crescent Street #2C,Long Island City
795,1 bath,1 bed,0,"$2,000",,37-33 28th Street #A,Long Island City
796,1 bath,studio,0,"$1,750",700 ft²,21-06 33rd Street #B8,Astoria
797,1 bath,3 beds,0,"$2,750",,2520 21st Street #2,Astoria
798,1 bath,1 bed,0,"$2,665",,29-11 Queens Plaza North #16H,Long Island City
799,1 bath,1 bed,0,"$2,500","1,000 ft²",26-20 21st Street #1B,Astoria
800,1 bath,1 bed,0,"$1,450",600 ft²,68-18 Fresh Pond Road #4,
801,1 bath,1 bed,0,"$1,900",700 ft²,25-10 23rd Avenue #1,Astoria
802,1 bath,2 beds,0,"$2,400",920 ft²,25-62 37th Street #1L,Astoria
803,3.5 baths,4 beds,0,"$5,000",,"178-26 Kildare Rd, ",
804,1 bath,,0,"$2,291",,41-42 24th Street #2510,Long Island City
805,1 bath,1 bed,0,"$2,854",,41-42 24th Street #8118,Long Island City
806,1.5 baths,2 beds,0,"$2,250",,62-65 Saunders Street #4I,
807,1 bath,3 beds,0,"$3,333",,2168 19th Street #5,Astoria
808,1.5 baths,2 beds,0,"$2,250","1,200 ft²",62-65 Saunders Street #4I,
809,1 bath,2 beds,0,"$2,400",,30-44 34th Street #5C,Astoria
810,1 bath,2 beds,0,"$2,200",900 ft²,25-85 43rd Street #3F,Astoria
811,1.5 baths,3 beds,0,"$2,300","1,300 ft²",141-44 Pershing Crescent #3,
812,1 bath,1 bed,0,"$1,749",703 ft²,153-30 89th Avenue #635,
813,1 bath,1 bed,0,"$2,400",,30-86 Crescent Street #5,Astoria
814,1 bath,1 bed,0,"$2,083",720 ft²,45-09 23rd Street #A,
815,2 baths,4 beds,0,"$4,500","1,800 ft²",85-31 Eliot Avenue #1,
816,3.5 baths,3 beds,0,"$4,999","6,800 ft²","82-19 Chevy Chase Street, ",
817,3 baths,3 beds,0,"$3,000",,61-23 Austin Street ,
818,1 bath,3 beds,0,"$3,000",,41-14 21st Avenue #1,Astoria
819,1 bath,2 beds,0,"$2,450",,40-21 61st Street #4R,
820,1 bath,2 beds,0,"$2,700",750 ft²,2533 36th Street #1F,Astoria
821,1 bath,2 beds,0,"$2,650",700 ft²,26-20 21st Street #301,Astoria
822,1 bath,2 beds,0,"$2,100",,141-03 Union Tpke ,
823,1 bath,1 bed,0,"$1,750",,37-20 83rd Street #5P,
824,1 bath,2.5 beds,0,"$2,500","1,300 ft²",21-21 21st Street #2F,Astoria
825,1 bath,1 bed,0,"$1,625",650 ft²,139-06 34th Road #C6,
826,1 bath,1 bed,0,"$2,588",590 ft²,41-42 24th Street #4322,Long Island City
827,1 bath,,0,"$2,044",,26-14 Jackson Avenue #9C,
828,2 baths,3 beds,0,"$2,500","1,500 ft²",20-04 49th Street #3F,Astoria
829,1 bath,1 bed,0,"$2,000",,62-38  64th Street #2,
830,1 bath,1 bed,0,"$1,800",,143-50 Hoover Avenue #1,
831,1 bath,2 beds,0,"$2,350",,2702 Astoria Boulevard #RH,Astoria
832,1 bath,2 beds,0,"$2,250",,40-05 23rd Avenue #1,Astoria
833,1 bath,2 beds,0,"$2,300",,43-30 48th Street ,
834,1 bath,2 beds,0,"$2,600",,20-12 29th Street #1R,Astoria
835,1 bath,1 bed,0,"$2,250",,47-10 41st Street #4K,
836,1 bath,,0,"$1,575",,43-10 49th ,
837,1 bath,1 bed,0,"$1,800",750 ft²,61-55 98th Street #12,
838,1 bath,2 beds,0,"$2,390",805 ft²,20-54 31st Street #C10,Astoria
839,1 bath,1 bed,0,"$2,100",,45-30 43rd Street #6G,
840,2 baths,3 beds,0,"$3,500",,979 Seneca #1,
841,1 bath,,0,"$2,044",,26-14 Jackson Avenue #9C,
842,1 bath,1 bed,0,"$2,100",,43-08 40th Street #4H,
843,1 bath,2 beds,0,"$2,250",,20-54 31st Street #A10,Astoria
844,4 baths,5 beds,0,"$12,000","2,800 ft²",179-15 80th Rd ,
845,2 baths,2 beds,0,"$1,800",,82-71 Country Point Cir #1FL,
846,1.5 baths,2 beds,0,"$2,700","1,200 ft²",110-56 71st Avenue #4F,
847,1 bath,1 bed,0,"$1,800",,45-35 46th Street #A2,
848,1 bath,2 beds,0,"$2,050",875 ft²,45-45 41st Street #1,
849,1 bath,2 beds,0,"$2,299",650 ft²,6714 Forest Avenue #1,
850,1 bath,1 bed,0,"$1,800",632 ft²,143-20 Hoover Avenue #101,
851,1 bath,2 beds,0,"$2,250",,43-35 42nd Street #A12,
852,1 bath,1 bed,0,"$1,695",,172-90 Highland Avenue #3L,
853,1 bath,1 bed,0,"$1,795",,175-39 Dalny Road #4F,
854,1 bath,1 bed,0,"$2,050",,48-16 46th Street #B5,
855,1 bath,1 bed,0,"$3,400",850 ft²,23-10 41st Avenue #17A,Long Island City
856,1 bath,2 beds,0,"$2,550",,68-04 Burns Street #F2,
857,1 bath,,0,"$2,450",,42-37 27th Street #2A,
858,1 bath,,1,"$2,100",,6158 Linden Street #1R,
859,1 bath,1 bed,0,"$1,950",750 ft²,41-42 42nd Street #4M,
860,1 bath,1 bed,0,"$3,162",,2-14 50th Avenue #606E,
861,1 bath,2 beds,0,"$2,500","1,000 ft²",45-54 41st Street #5A,
862,1 bath,2 beds,0,"$2,100",,24-15 41st Street #2F,Astoria
863,2 baths,2 beds,0,"$4,650","1,200 ft²",4630 Center Boulevard #302,
864,1 bath,1 bed,0,"$1,750",,28-14 41st Street #2R,Astoria
865,1 bath,2 beds,0,"$1,995",,31-40 37th Street #1,Astoria
866,1 bath,1 bed,0,"$1,750",778 ft²,94-01 64th Road #6E,
867,3 baths,4 beds,0,"$4,800","1,950 ft²",19-18 24th Avenue #1,Astoria
868,1 bath,1 bed,0,"$1,700",,6933 60th Avenue #1,
869,1 bath,2 beds,0,"$1,900",,1707 Norman Street #1,
870,1 bath,1 bed,0,"$2,000",,110-48 72nd Avenue #1,
871,1 bath,1 bed,0,"$2,200",,105-05 69th Avenue #310,
872,1 bath,1 bed,0,"$1,600",,20-25 Steinway Street #2R,Astoria
873,1 bath,3 beds,0,"$3,494",,2178 19th Street #3R,Astoria
874,2 baths,3 beds,0,"$3,900",,28-14 Ditmars Boulevard ,Astoria
875,2.5 baths,3 beds,0,"$3,700","1,413 ft²",152-09 88th Avenue #PH703,
876,1 bath,1 bed,0,"$2,600",,27-04 Hoyt Avenue South #4,Astoria
877,1 bath,1 bed,0,"$1,550",700 ft²,216-10 77th Avenue #2L,
878,1 bath,1 bed,0,"$2,200",,28-17 Astoria Boulevard #1,Astoria
879,1.5 baths,4 beds,0,"$3,095",,72-55 60th Lane #1L,
880,1 bath,1 bed,0,"$1,750",,34-34 42nd Street #3,Long Island City
881,1 bath,1 bed,0,"$1,825",850 ft²,110-48 72nd Avenue #F7,
882,2 baths,3 beds,0,"$3,500",,979 Seneca #1,
883,1 bath,1 bed,0,"$1,742",750 ft²,37-37 88th Street #F4,
884,,2 beds,0,"$2,300",,21-17 47th Street #2F,Astoria
885,1 bath,1 bed,0,"$1,950",950 ft²,110-07 73rd Road #64,
886,1 bath,2 beds,0,"$2,750","1,350 ft²",35-33 83th Street #16,
887,2 baths,2 beds,0,"$2,850","1,350 ft²",112-15 72nd Road #66,
888,1 bath,3 beds,0,"$2,850",,2416 36th Street #2,Astoria
889,2 baths,3 beds,0,"$2,795",,37-55 77th Street #3K,
890,1 bath,1 bed,0,"$1,795",,2521 31st Avenue #D31,Astoria
891,5 baths,6 beds,0,"$6,399",,1925 Putnam Avenue #1,
892,2 baths,2 beds,0,"$2,800",,1925 Putnam Avenue #2B,
893,1 bath,3 beds,0,"$3,100",,123-33 83rd Avenue #406,
894,2 baths,3 beds,0,"$2,800",,70-56 Walnut Street #2,
895,1 bath,2 beds,0,"$2,100",,33-78 11th Street #4E,Long Island City
896,1 bath,,0,"$1,600",519 ft²,153-30 89th Avenue #804,
897,,3 beds,1,"$5,450","1,200 ft²",4-74 48th Avenue #11B,
898,1 bath,1 bed,0,"$1,750",,96-09 66th Avenue #2A,
899,1 bath,1 bed,0,"$1,800",,65-60 Booth Street #4C,
900,1 bath,1 bed,0,"$1,700",,65-60 Booth Street #1C,
901,1 bath,1 bed,0,"$2,000",,32-85 33rd Street #B1,Long Island City
902,1 bath,1 bed,0,"$1,975",800 ft²,43-33 46st #1C,
903,2 baths,2 beds,0,"$2,800",,1925 Putnam Avenue #2F,
904,1 bath,,0,"$1,800",400 ft²,1059 Jackson Avenue #3B,
905,1 bath,,0,"$1,750",,40-04 36th Avenue #1C,Long Island City
906,1 bath,1 bed,0,"$1,850",,143-20 Hoover Avenue #305,
907,,1 bed,1,"$2,226","1,090 ft²",47-50 41st Street #5A,
908,1 bath,1 bed,0,"$1,900",,23-25 30th Drive #3A,Astoria
909,2 baths,4 beds,0,"$3,235",,561 Fairview Avenue #1,
910,1 bath,1 bed,0,"$3,707",737 ft²,45-50 Pearson Street #15B,
911,1 bath,2 beds,0,"$2,850",,32-69 33rd Street #2R,Long Island City
912,1 bath,1 bed,0,"$1,550",,23-68 24th Street #2R,Astoria
913,1 bath,2 beds,0,"$1,800",,2540 Steinway Street #3R,Astoria
914,2 baths,3 beds,0,"$3,200","1,070 ft²",21-11 74th Street #3,Astoria
915,1 bath,1 bed,0,"$1,450",,41-50 56th Street #2B,
916,1 bath,1 bed,0,"$1,750",,28-27 37th Street #10,Astoria
917,1 bath,1 bed,0,"$2,100",,36-09 28th Avenue #1,Astoria
918,1 bath,1 bed,0,"$1,875",,35-07 32nd Street #C5,Long Island City
919,2 baths,3 beds,0,"$3,200","1,071 ft²",21-11 74th Street #2,Astoria
920,2 baths,3 beds,0,"$3,200",,3520 Ditmars Boulevard #2,Astoria
921,1 bath,2 beds,0,"$2,000",900 ft²,24-35 28th Street #1,Astoria
922,,2 beds,1,"$3,500",741 ft²,10-50 Jackson Avenue #9C,Long Island City
923,1 bath,3 beds,0,"$3,850",,95-21 68th Avenue ,
924,1 bath,3 beds,0,"$2,950","1,050 ft²",23-29 26th Street #2F,Astoria
925,1 bath,1 bed,0,"$2,450",,12-15 Broadway #107,Astoria
926,1 bath,1 bed,0,"$1,650",,42-25 65th Place #2C,
927,1 bath,1 bed,0,"$1,800",,14-35 31st Road #13,Astoria
928,1 bath,,0,"$2,000",600 ft²,29-28 41st Avenue #201,Long Island City
929,1 bath,2 beds,0,"$1,699",,64-44 68th Avenue #1,
930,1 bath,1 bed,0,"$2,100",700 ft²,21-15 25th Road #1F,Astoria
931,1 bath,1 bed,0,"$2,020",800 ft²,118-80 Metropolitan Avenue #3G,
932,1 bath,,0,"$1,295",,85-15 Main Street #5S,
933,1 bath,1 bed,0,"$2,400",,47-08 Vernon Boulevard #3C,
934,1 bath,,0,"$1,650",380 ft²,64-85 Booth Street #5A,
935,1 bath,2 beds,0,"$2,000",,48-15 46th Street #2G,
936,1 bath,3 beds,0,"$2,500",,94-20 Pitkin Avenue #2,
937,1 bath,2 beds,0,"$2,200",,94-20 Pitkin Avenue #1,
938,1 bath,1 bed,0,"$1,650",,37-06 69th Street #6G,
939,2 baths,3 beds,0,"$2,500","1,500 ft²",20-04 49th Street #3F,Astoria
940,1 bath,3 beds,0,"$2,400","1,250 ft²",60-61 68th Rd #3,
941,1 bath,4 beds,0,"$3,000","1,200 ft²",2808 36th Avenue #2,Long Island City
942,1 bath,1 bed,0,"$2,100",,31-10 23rd Street #2M,Astoria
943,1 bath,,0,"$2,000",,30-15 Vernon Boulevard #6O,Astoria
944,1 bath,3 beds,0,"$2,928","1,100 ft²",98-30 67th Avenue #5R,
945,1.5 baths,3 beds,0,"$3,100",,71-57 Manse Street ,
946,2 baths,2 beds,0,"$3,208",950 ft²,152-09 88th Avenue 1ST-FL-102,
947,1 bath,1 bed,0,"$2,000",900 ft²,102-21 63rd Road #O3,
948,1 bath,1 bed,0,"$1,725",700 ft²,84-11 Lander Street #35,
949,1 bath,1 bed,0,"$2,225",700 ft²,3242 33rd Street #L10,Long Island City
950,1 bath,1 bed,0,"$1,975",720 ft²,64-56 Booth Street #601,
951,1 bath,3 beds,0,"$2,600",,27-49 27th Street #2,Astoria
952,2 baths,2 beds,0,"$4,400",,4615 Center Boulevard #1404,
953,1 bath,2 beds,0,"$2,000",,505 Woodward Avenue #2R,
954,1 bath,1 bed,0,"$1,995",,245-30 Grand Central Pky #C,
955,1 bath,1 bed,0,"$1,800",,45-16 30th Avenue #1,Astoria
956,1 bath,3 beds,0,"$2,200","1,100 ft²",104-21 89th Avenue #2,
957,1 bath,3 beds,0,"$2,700",,20-48 35th Street #C1,Astoria
958,1 bath,2 beds,0,"$2,150","1,000 ft²",3635 213th Street #A,
959,1 bath,1 bed,0,"$1,850",800 ft²,24-56 44th Street #C1,Astoria
960,1 bath,2 beds,0,"$2,200","1,000 ft²",64-45 Booth Street #204,
961,1 bath,4 beds,0,"$2,500",,6636 Central Avenue #2,
962,1 bath,2 beds,0,"$2,350",800 ft²,43-50 47th Street #B34,
963,1 bath,2 beds,0,"$1,950",800 ft²,48-48 48th Street #3R,
964,1 bath,1 bed,0,"$1,850",650 ft²,43-15  45th Street #A41,
965,1 bath,2 beds,0,"$1,825",650 ft²,39-89 51st Street #4G,
966,1 bath,1 bed,0,"$2,350",724 ft²,31-35 Crescent Street #5L,Astoria
967,1.5 baths,3 beds,0,"$2,500",,15-59 209th Street #2F,
968,1 bath,1 bed,0,"$2,700","1,300 ft²",36-04 28th Avenue #6,Astoria
969,1 bath,2 beds,0,"$2,299",800 ft²,4701 28th Avenue #2,
970,1 bath,2 beds,0,"$2,299",900 ft²,28-49 48th Street #2,
971,1 bath,,0,"$2,350",650 ft²,41-15 29th Street #908,Long Island City
972,1 bath,2.5 beds,0,"$2,698","1,100 ft²",69-55 62nd Street #2,
973,1 bath,1 bed,0,"$3,355",,4545 Center Boulevard #3515,
974,1 bath,,0,"$2,425",,4540 Center Boulevard #2311,
975,1 bath,,0,"$2,805",,4610 Center Boulevard #2112,
976,1 bath,,0,"$1,450",500 ft²,65-61 Saunders Street #1S,
977,2 baths,3 beds,0,"$3,100","1,100 ft²",35-20 Ditmars Boulevard #2,Astoria
978,1 bath,3 beds,0,"$3,000",900 ft²,22-20 73rd Street #2,Astoria
979,1 bath,2 beds,0,"$1,600",600 ft²,663 Onderdonk Avenue #2R,
980,1 bath,1 bed,0,"$2,442",,29-11 Queens Plaza North #23D,Long Island City
981,1 bath,,0,"$1,575",433 ft²,48-50 37th Street #1D,
982,1 bath,2 beds,0,"$2,400",750 ft²,37-20 Prince Street ,
983,1 bath,1 bed,0,"$1,325",425 ft²,151-19 34th Avenue #3C,
984,1 bath,2 beds,0,"$2,190",,3118 41st Street #2F,Astoria
985,1 bath,2 beds,0,"$2,550",,43-40 41st Street #3R,Long Island City
986,1 bath,1 bed,0,"$2,550",685 ft²,41-26 27th Street #9G,Long Island City
987,1 bath,2 beds,0,"$2,350",824 ft²,143-20 Hoover Avenue #303,
988,1 bath,1 bed,0,"$1,600",,65-65 Wetherole Street #2Y,
989,1 bath,2 beds,0,"$2,200",,21-23 23rd Street #2,Astoria
990,1 bath,2 beds,0,"$2,200",,60-59 Putnam Avenue #1,
991,1 bath,1 bed,0,"$3,100",,27-03 42nd Rd #17E,
992,1 bath,1 bed,0,"$1,525",650 ft²,88-50 179th Street #D21,
993,1 bath,,0,"$1,750",,52-05 Queens Boulevard #2H,
994,1 bath,1 bed,0,"$2,588",590 ft²,41-42 24th Street #4322,Long Island City
995,1.5 baths,2 beds,0,"$3,000",,44-15 65th Street #2,
996,1 bath,1 bed,0,"$1,700",,216-10 77th Avenue #2L,
997,1 bath,1 bed,0,"$1,700",,196-25 73rd Avenue #1FLR,
998,1 bath,2 beds,0,"$1,900",,117-14 Union Turnpike #EC2,
999,1 bath,1 bed,0,"$1,700",,36-20 Parsons Boulevard #5B,
1000,1 bath,2 beds,0,"$2,000",,36-20 Parsons Boulevard #5D,
1001,1 bath,1 bed,0,"$1,950",,43-30 46th Street #4B,
1002,2 baths,2 beds,0,"$2,600",,43-30 46th Street #4T,
1003,2 baths,2 beds,0,"$6,000","1,124 ft²",44-41 Purves Street #2601,
1004,2 baths,2 beds,0,"$9,230","1,412 ft²",44-41 Purves Street #2603,
1005,2 baths,2 beds,0,"$9,000","1,433 ft²",44-41 Purves Street #2602,
1006,2 baths,2 beds,0,"$1,925",,3147 47th Street #1,
1007,1.5 baths,3 beds,0,"$2,710",779 ft²,560 Fairview Avenue #2L,
1008,1 bath,1 bed,0,"$1,700",,6933 60th Avenue #1,
1009,2 baths,2 beds,0,"$4,125",,2-14 50th Avenue #404E,
1010,1.5 baths,3 beds,0,"$2,620",743 ft²,560 Fairview Avenue #2R,
1011,1 bath,1 bed,0,"$2,400",700 ft²,25-50 Crescent Street #2,Astoria
1012,1 bath,1 bed,0,"$2,200",700 ft²,27-07 Newtown #2,Astoria
1013,1 bath,1 bed,0,"$2,300",,64-05 Yellowstone Boulevard #117A,
1014,2 baths,6 beds,0,"$5,500",,2027 Himrod Street #1,
1015,1 bath,1 bed,0,"$1,850",,44-01 34th Avenue #45,Long Island City
1016,1 bath,1 bed,0,"$1,875",,32-06 35th Avenue #B1,Long Island City
1017,1 bath,2 beds,0,"$2,500",900 ft²,21-36 49th Street #1,Astoria
1018,1 bath,2 beds,0,"$2,450",,21-36 49th Street #1,Astoria
1019,1 bath,1 bed,0,"$2,350",690 ft²,31-13 23rd Street #4,Astoria
1020,1 bath,2 beds,0,"$2,200",,31-18 41st Street #2R,Astoria
1021,1 bath,1 bed,0,"$1,700",,83-08 Dongan Avenue #1,
1022,2 baths,3 beds,0,"$2,930","1,040 ft²",59-34 Woodbine Street #2,
1023,1 bath,1 bed,0,"$2,450",,12-15 Broadway #107,Astoria
1024,1 bath,1 bed,0,"$1,800",,37-11 Broadway #3D,Astoria
1025,2 baths,2 beds,0,"$3,500",,37-11 Broadway #5EB,Astoria
1026,1 bath,3 beds,0,"$2,900",,661 Onderdonk Avenue #2L,
1027,1 bath,1 bed,0,"$1,750",,102-40 67th Dr #2,
1028,1 bath,2 beds,0,"$1,995","1,150 ft²",35-38 95th Street #C3,
1029,1 bath,1 bed,0,"$3,740",828 ft²,4-75 48th Avenue #911,
1030,1 bath,2 beds,0,"$2,400",,28-25 34th Street #2,Astoria
1031,3 baths,4 beds,0,"$4,000","2,500 ft²",80-30 169th Street ,
1032,1 bath,1 bed,0,"$1,850",820 ft²,179-10 Dalny Rd #4,
1033,1 bath,1 bed,0,"$1,550",780 ft²,150-70 87th Avenue #4,
1034,1 bath,2 beds,0,"$1,900",,221-14 Fairbury Avenue ,
1035,1 bath,1 bed,0,"$2,100",600 ft²,30-85 Vernon Boulevard #3,Astoria
1036,1 bath,1 bed,0,"$1,700",,6933 60th Avenue #1,
1037,2 baths,3 beds,0,"$2,500","1,500 ft²",20-04 49th Street #3F,Astoria
1038,1 bath,1 bed,0,"$1,700",,45-45 46th Street #2,
1039,1 bath,1 bed,0,"$1,750",,14136 84 Rd #D,
1040,1 bath,1 bed,0,"$2,000",,41-18 43rd Street #5C,
1041,1 bath,2 beds,0,"$2,500",,177-16 Wexford Terrace #8,
1042,2 baths,2 beds,0,"$2,700",,99-39 66th Avenue #503,
1043,1 bath,1 bed,0,"$1,600",650 ft²,69-95 Park Drive East #B,
1044,1 bath,3 beds,0,"$2,250",,64-16 Fresh Pond Road #2,
1045,,3 beds,1,"$5,450","1,200 ft²",4-74 48th Avenue #11B,
1046,1 bath,1 bed,0,"$2,375",625 ft²,30-93 38th Street #4C,Astoria
1047,1 bath,1 bed,0,"$1,900",,25-24 Broadway #2B,Long Island City
1048,1 bath,2 beds,0,"$3,300",,2103 46th Avenue #3A,
1049,,2 beds,1,"$3,300","1,250 ft²",40-55 College Point Boulevard #6B,
1050,1 bath,1 bed,0,"$2,700","1,300 ft²",36-04 28th Avenue #6,Astoria
1051,1 bath,,0,"$2,291",,41-42 24th Street #2510,Long Island City
1052,1 bath,1 bed,0,"$1,600",,45-26 40th Street #2F,
1053,1 bath,1 bed,0,"$3,195",,4545 Center Boulevard #419,
1054,1 bath,1 bed,0,"$3,305",,4545 Center Boulevard #2111,
1055,1 bath,1 bed,0,"$1,850",,3164 30th Street #2,Astoria
1056,1 bath,1 bed,0,"$2,500",,27-59 Crescent Street #1R,Astoria
1057,2 baths,2 beds,0,"$2,400","1,200 ft²",43-30 46th Street #4,
1058,1 bath,1 bed,0,"$1,875",735 ft²,36-06 30th Street #D6,Long Island City
1059,1 bath,1 bed,0,"$1,825",,3141 43rd Street #1,Astoria
1060,1 bath,1 bed,0,"$2,000",500 ft²,12-14 31st Avenue #2,Astoria
1061,1.5 baths,2 beds,0,"$2,400",,2578 35th Street #1,Astoria
1062,2 baths,2 beds,0,"$5,700","1,090 ft²",4630 Center Boulevard #1410,
1063,2 baths,3 beds,0,"$3,500","1,000 ft²",25-96 Steinway Street #2F,Astoria
1064,1 bath,,0,"$2,295",420 ft²,4-74 48th Avenue #4B,
1065,1 bath,1 bed,0,"$2,902",700 ft²,41-42 24th Street #2509,Long Island City
1066,1 bath,,0,"$2,207",463 ft²,45-50 Pearson Street #2H,
1067,1 bath,2 beds,0,"$2,300","1,000 ft²",20-51 23rd Street #1,Astoria
1068,1 bath,1 bed,0,"$1,995",,37-55 77th Street #3E,
1069,2 baths,2 beds,0,"$2,395","1,075 ft²",182-30 Wexford Terrace #3FF,
1070,1 bath,1 bed,0,"$2,200",780 ft²,28-19 Astoria Boulevard #2,Astoria
1071,1 bath,1 bed,0,"$1,600",,30-47 69th Street #1,
1072,1 bath,1 bed,0,"$2,250",,23-25 30th Drive #3,Astoria
1073,1 bath,2 beds,0,"$1,850",,74-15 255th Street #1FLR,
1074,2 baths,2 beds,0,"$3,940",953 ft²,44-41 Purves. #2101,
1075,1 bath,1 bed,0,"$2,975",630 ft²,44-41 Purves. #2403,
1076,1 bath,1 bed,0,"$1,995",822 ft²,72-10 41st Avenue #7X,
1077,1 bath,1 bed,0,"$1,850",834 ft²,84-20 Austin Street #6D,
1078,1 bath,1 bed,0,"$2,648",,29-11 Queens Plaza North #15C,Long Island City
1079,2 baths,2 beds,0,"$4,400",,4615 Center Boulevard #1404,
1080,1 bath,1 bed,0,"$1,850",767 ft²,123-60 83rd Avenue #7U,
1081,1 bath,2 beds,0,"$2,300",909 ft²,63-60 98th Street #516,
1082,1 bath,2 beds,0,"$2,300",,23-22 32nd Street #2,Astoria
1083,2.5 baths,4 beds,0,"$3,500",,263-05 81st Avenue ,
1084,1 bath,1 bed,0,"$1,700",,175-28 89th Avenue #5D,
1085,1 bath,1 bed,0,"$1,800",,45-29 41st Street #1F,
1086,3 baths,6 beds,0,"$5,400","1,900 ft²",73-08 Forest Avenue #2,
1087,1 bath,2.5 beds,0,"$2,500",,21-21 21st Street #2,Astoria
1088,1 bath,1 bed,0,"$2,050",,26-34 30th Street #4B,Astoria
1089,1 bath,3 beds,0,"$2,700",,24-49 Crescent Street #2,Astoria
1090,1 bath,1 bed,0,"$1,975",,64-56 Booth Street #601,
1091,1 bath,1 bed,0,"$1,750",750 ft²,31-46 45th Street #3,Astoria
1092,2 baths,3 beds,0,"$2,930","1,040 ft²",59-34 Woodbine Street #2,
1093,1 bath,,0,"$2,044",,26-14 Jackson Avenue #9C,
1094,2 baths,3 beds,0,"$4,000","1,600 ft²",21-67 19th Street #1,Astoria
1095,2 baths,2 beds,0,"$3,700",,11-05 30th Road #7B,Astoria
1096,1 bath,2 beds,0,"$2,400",,68-17 64th Place #1FLR,
1097,1 bath,2 beds,0,"$3,081",,26-14 Jackson Avenue #3D,
1098,1 bath,1 bed,0,"$3,707",737 ft²,45-50 Pearson Street #15B,
1099,1 bath,1 bed,0,"$2,567",,45-50 Pearson Street #12G,
1100,1 bath,1 bed,0,"$2,567",,45-50 Pearson Street #15G,
1101,1 bath,3 beds,0,"$2,900","1,000 ft²",34-17 37th Street #11,Long Island City
1102,1 bath,1 bed,0,"$1,875",750 ft²,37-37 88th Street #C7,
1103,1 bath,3 beds,0,"$2,659",,34-15 Parsons Boulevard #6L,
1104,2 baths,2 beds,0,"$2,150","1,133 ft²",144-87 41st Avenue #628,
1105,1.5 baths,3 beds,0,"$2,350",,72-14 69th Place #1R,
1106,1 bath,1 bed,0,"$2,300",,47-25 40th Street #1G,
1107,2 baths,3 beds,0,"$4,000",,3009 Broadway #2,Astoria
1108,2 baths,3 beds,0,"$4,200",,3009 Broadway #3,Astoria
1109,1 bath,1 bed,0,"$2,665",,29-11 Queens Plaza North #16H,Long Island City
1110,1 bath,,0,"$2,200",,30-15 Vernon Boulevard #7Y,Astoria
1111,2.5 baths,4 beds,0,"$4,250",,193-40 85th Rd ,
1112,1 bath,2 beds,0,"$1,850",,80-09 Cross Island Parkway #1,
1113,1 bath,1 bed,0,"$2,300",800 ft²,104-60 Queens Boulevard #17E,
1114,1 bath,2 beds,0,"$1,750",900 ft²,123-04 15th Avenue #1,
1115,1 bath,1 bed,0,"$1,750",645 ft²,4842 44th Street #6F,
1116,1 bath,2 beds,0,"$1,890",800 ft²,41-16 51st Street #5D,
1117,1 bath,2 beds,0,"$2,550",,6030 Gates Avenue #1B,
1118,1 bath,2 beds,0,"$1,799",,308 Onderdonk Avenue #2R,
1119,1 bath,1 bed,0,"$1,650",,37-06 69th Street #6G,
1120,1 bath,,0,"$2,000",600 ft²,"1222 30th Avenue, #3G",Astoria
1121,2 baths,3 beds,0,"$3,050","1,700 ft²",65-09 99th Street #4,
1122,1 bath,1 bed,0,"$1,600",,71-01 35th Avenue #8,
1123,2 baths,5 beds,0,"$4,200",828 ft²,109-31 197th Street #1,
1124,1 bath,2 beds,0,"$2,150",875 ft²,43-29 41st Street #B3,
1125,1 bath,2 beds,0,"$1,795",700 ft²,39-77 51st Street #1B,
1126,1 bath,1 bed,0,"$2,900",670 ft²,5-27 51st Avenue #PHB,
1127,1 bath,2 beds,0,"$1,725",,97-31 104th Street #2,
1128,1 bath,1 bed,0,"$1,825",,51-03 Skillman Avenue #VAR1,
1129,1 bath,3 beds,0,"$3,333",,21-78 19th Street #5,Astoria
1130,1 bath,1 bed,0,"$1,850",,25-44 Broadway #2,Long Island City
1131,2 baths,2 beds,0,"$2,500","1,000 ft²",152-09 88th Avenue 2ND-FL-204,
1132,1 bath,1 bed,0,"$1,833",653 ft²,152-09 88th Avenue 1ST-FL-105,
1133,1.5 baths,3 beds,0,"$2,500",,15-59 209th Street #2F,
1134,1 bath,2 beds,0,"$2,000",,505 Woodward Avenue #3L,
1135,,1 bed,0,"$2,100",,21-06 33rd Street #2,Astoria
1136,1 bath,2 beds,0,"$2,550","1,100 ft²",67-70 Yellowstone #2Y,
1137,1 bath,1 bed,0,"$1,900",870 ft²,82-15 35th Avenue #5H,
1138,1 bath,2 beds,0,"$2,100","1,000 ft²",24-05 27th Street #4A,Astoria
1139,1 bath,3 beds,0,"$2,800",,20-44 35th Street #2,Astoria
1140,1 bath,1 bed,0,"$2,200",950 ft²,47-02 41st Street ,
1141,1 bath,1 bed,0,"$1,900",,99-72 66 Rd #11A,
1142,2 baths,3 beds,0,"$5,568","1,452 ft²",4-75 48th Avenue #21B,
1143,1 bath,2 beds,0,"$2,700",,31-36 47th Street #2A,Astoria
1144,1 bath,1 bed,0,"$2,400",,31-36 47th Street #1C,Astoria
1145,2 baths,5 beds,0,"$5,500",,31-36 47th Street #PH,Astoria
1146,1 bath,1 bed,0,"$1,750",,25-36 34th Street #2R,Astoria
1147,1 bath,1 bed,0,"$2,285",900 ft²,47-55 39 Place #B,
1148,1 bath,1 bed,0,"$1,550",,23-68 24th Street #2R,Astoria
1149,1 bath,3 beds,0,"$2,500",,5734 Myrtle Avenue #3,
1150,1 bath,1 bed,0,"$1,650",,37-09 30th Avenue #4,Astoria
1151,1 bath,3 beds,0,"$2,795",,46-15 Skillman Avenue #F35,
1152,2 baths,3 beds,0,"$3,000",,43-18 54th Street #2C,
1153,1 bath,3 beds,0,"$2,900","1,000 ft²",2439 24th Street #2,Astoria
1154,1 bath,1 bed,0,"$1,975",800 ft²,27-16 12th Street #5,Astoria
1155,1 bath,,0,"$1,600",,41-25 Kissena Boulevard #2J,
1156,1 bath,2 beds,0,"$2,750",,4722 44th Street #3B,
1157,1 bath,2 beds,0,"$1,899",600 ft²,27-31 12th Street #3,Astoria
1158,1 bath,1 bed,0,"$1,750",,33-06 31st Avenue #2A,Astoria
1159,1 bath,1 bed,0,"$1,400",,65-12 Perry Avenue #1,
1160,1 bath,1 bed,0,"$1,800",,3018 Broadway #4F,Long Island City
1161,1 bath,,0,"$1,600",519 ft²,153-30 89th Avenue #804,
1162,1.5 baths,3 beds,0,"$2,500",,15-59 209th Street #2F,
1163,2 baths,2 beds,0,"$2,400",,41-44 68st. #3,
1164,1 bath,2 beds,0,"$1,999",,5907 Decatur Street #2,
1165,1 bath,2 beds,0,"$2,100",,5907 Decatur Street #1,
1166,1 bath,1 bed,0,"$3,350",745 ft²,4630 Center Boulevard #1007,
1167,1 bath,1 bed,0,"$1,995",750 ft²,48-17 42nd Street #5E,
1168,1 bath,2 beds,0,"$1,800",,47-17 39th Street #1,
1169,1 bath,1 bed,0,"$1,750",,32-06 29th Street #5,Long Island City
1170,1 bath,1 bed,0,"$1,850",,25-44 Broadway #3,Long Island City
1171,1 bath,2 beds,0,"$2,500",,27-16 39th Avenue #2F,Long Island City
1172,1 bath,1 bed,0,"$1,765",,45-10 50th Avenue #3,
1173,2 baths,2 beds,0,"$5,765",,4545 Center Boulevard #2310,
1174,1 bath,,0,"$2,450",502 ft²,13-11 Jackson Avenue #8C,
1175,1 bath,1 bed,0,"$1,599",682 ft²,20-10 Seagirt Boulevard #E,
1176,1 bath,2 beds,0,"$2,099","1,000 ft²",65-39 108th Street #B6,
1177,2 baths,2 beds,0,"$2,700",,99-39 66th Avenue #603,
1178,1 bath,2 beds,0,"$2,200",,30-36 49th Street #1S,
1179,1 bath,,0,"$1,695",590 ft²,41-30 46th Street #S,
1180,2 baths,3 beds,0,"$3,100","1,600 ft²",60-75 Putnam Avenue #1,
1181,1 bath,1 bed,0,"$2,150",,84-09 35th Avenue #1H,
1182,1 bath,,0,"$2,250",,22-22 Jackson Avenue #710,
1183,2 baths,3 beds,0,"$2,850",,1713 Madison Street #3R,
1184,1 bath,1 bed,0,"$3,175",,5-11 47th Avenue #10C,
1185,1 bath,1 bed,0,"$3,015",,61-55 Junction Boulevard #12L,
1186,1 bath,1 bed,0,"$2,795",,61-55 Junction Boulevard #16A,
1187,1 bath,1 bed,0,"$2,000",600 ft²,45-08 40th Street #32,
1188,3+ baths,3 beds,0,"$3,500",,69-33 169th Street ,
1189,1 bath,,0,"$2,445",,61-55 Junction Boulevard #21Q,
1190,1 bath,,0,"$2,044",,26-14 Jackson Avenue #9C,
1191,1 bath,1 bed,0,"$2,450",504 ft²,25-87 37th Street #3A,Astoria
1192,1 bath,1 bed,0,"$2,200",,30-18 33rd Street #3F,Astoria
1193,1 bath,2 beds,0,"$2,295",,38-06 20th Road #2,Astoria
1194,2 baths,2 beds,0,"$2,200",,86-22 124th Street #2,
1195,2 baths,3 beds,0,"$2,400",,86-22 124th Street #3,
1196,1 bath,1 bed,0,"$1,900",750 ft²,2345 33rd Street #2R,Astoria
1197,1 bath,2 beds,0,"$2,450",,25-74 44th Street #2,Astoria
1198,1 bath,1 bed,0,"$2,275",800 ft²,104-20 Queens Boulevard #16E,
1199,1 bath,1 bed,0,"$1,875",,45-26 44th Street #3B,
1200,1 bath,1 bed,0,"$1,825",,39-89 51st Street #4G,
1201,1 bath,2 beds,0,"$2,300",995 ft²,4801 42nd Street #4C,
1202,2 baths,2 beds,0,"$4,400",,4615 Center Boulevard #1404,
1203,1 bath,1 bed,0,"$2,700","1,300 ft²",36-04 28th Avenue #6,Astoria
1204,1 bath,,0,"$2,000",600 ft²,"1222 30th Avenue, #3G",Astoria
1205,1 bath,2 beds,0,"$2,100",,39-29 58th Street #D3,
1206,1 bath,1 bed,0,"$2,786",,25-13 27th Street #2C,Astoria
1207,1 bath,1 bed,0,"$3,069",,4705 Center Boulevard #1903,
1208,2 baths,2 beds,0,"$4,375",,43-10 Crescent Street #601,
1209,1 bath,,0,"$2,700",,4705 Center Boulevard #2602,
1210,1 bath,1 bed,0,"$1,650",,41-12 170th Street ,
1211,2.5 baths,3 beds,0,"$4,900",,25-03 83rd Street ,
1212,1 bath,1 bed,0,"$1,865",783 ft²,97-30 57th Avenue #UNI2B,
1213,1 bath,1 bed,0,"$1,865",813 ft²,98-30 57th Avenue #SYD8B,
1214,1 bath,1 bed,0,"$2,300",662 ft²,21-16 31st Avenue #4A,Astoria
1215,2 baths,2 beds,0,"$3,200","1,000 ft²",30-66 32nd Street #1,Astoria
1216,1 bath,1 bed,0,"$1,850",,30-74 38th Street #4,Astoria
1217,1 bath,1 bed,0,"$2,442",,29-11 Queens Plaza North #23D,Long Island City
1218,1 bath,1 bed,0,"$2,490",570 ft²,45-50 Pearson Street #4Q,
1219,1 bath,3 beds,0,"$2,300","1,100 ft²",61-26 231st Street ,
1220,1 bath,2 beds,0,"$1,983",750 ft²,34-45 42nd Street #2LEFT,Long Island City
1221,1 bath,1 bed,0,"$1,400",,7821 73 Place #1L,
1222,1 bath,1 bed,0,"$2,593",,42-14 Crescent Street #3C,
1223,1 bath,1 bed,0,"$2,567",,42-14 Crescent Street #2A,
1224,1 bath,1 bed,0,"$1,800",800 ft²,1920 Harman Street #103,
1225,1 bath,,0,"$2,100",,42-14 Crescent Street #5D,
1226,1 bath,1 bed,0,"$1,742",750 ft²,37-37 88th Street #F4,
1227,1 bath,1 bed,0,"$1,850",650 ft²,34-10 84th Street #E31,
1228,1 bath,2 beds,0,"$1,850",,6011 Madison Street #2L,
1229,1 bath,1 bed,0,"$3,158",743 ft²,4545 Center Boulevard #3016,
1230,1 bath,,0,"$2,057",,42-14 Crescent Street #5C,
1231,1 bath,3 beds,0,"$2,950","1,050 ft²",23-29 26th Street #2F,Astoria
1232,1 bath,,0,"$2,295",420 ft²,4-74 48th Avenue #4B,
1233,1 bath,,0,"$2,610",550 ft²,4545 Center Boulevard #3707,
1234,1 bath,,0,"$2,100",,21-48 35th Street #5,Astoria
1235,2 baths,3 beds,0,"$2,400","1,200 ft²",16-23 200th Street ,
1236,1 bath,2 beds,0,"$2,000",,34-47 42nd Street #2,Long Island City
1237,2 baths,3 beds,0,"$2,250",,637 Beach 67th Street #A,
1238,1.5 baths,2 beds,0,"$2,125",,9006 Holland Avenue #2L,
1239,1 bath,1.5 beds,0,"$2,495",815 ft²,46-16 Newtown Road #1F,Astoria
1240,2 baths,3 beds,0,"$3,800","1,300 ft²",35-07 31st Street #1B,Long Island City
1241,3 baths,4 beds,0,"$3,400",,15-44 215th Street ,
1242,1 bath,,0,"$1,775",,1 Bay Club Dr ,
1243,1 bath,2 beds,0,"$2,100",,6314 Ocean Avenue N #B,
1244,1 bath,2 beds,0,"$2,050",,6909 Coral Reef Way #A,
1245,1 bath,1 bed,0,"$2,400",,30-86 Crescent Street #5,Astoria
1246,1 bath,,0,"$2,000",600 ft²,"1222 30th Avenue, #3G",Astoria
1247,1 bath,1 bed,0,"$1,800",,150 Beach 128th Street #A,
1248,2.5 baths,3 beds,0,"$2,700","1,500 ft²",60-17 39th Avenue #2F,
1249,1 bath,1 bed,0,"$1,775",,123-10 Ocean Promenade #6D,
1250,1 bath,1 bed,0,"$1,875",,32-79 44th Street #46,Long Island City
1251,1 bath,1 bed,0,"$1,500",,6401 Ocean Avenue N #B,
1252,1 bath,1 bed,0,"$1,700",,392 Woodward Avenue #1L,
1253,1 bath,1 bed,0,"$1,719",750 ft²,37-37 88th Street #A6,
1254,1 bath,1 bed,0,"$2,100",,14-08 31st Avenue #3B,Astoria
1255,1 bath,3 beds,0,"$2,875","1,100 ft²",39-62 51st Street #1,
1256,1 bath,,0,"$2,200",,30-15 Vernon Boulevard #7K,Astoria
1257,1 bath,,0,"$2,000",,11-05 30th Rd #4J,Astoria
1258,1 bath,,0,"$2,000",600 ft²,29-28 41st Avenue #1007,Long Island City
1259,1 bath,1 bed,0,"$1,750",700 ft²,84-14 143rd Street #4A,
1260,1 bath,1 bed,0,"$2,665",,29-11 Queens Plaza North #16H,Long Island City
1261,1 bath,,0,"$2,450",700 ft²,29-28 41st Avenue #908,Long Island City
1262,1 bath,1 bed,0,"$1,550",,35-12 99th Street #A2,
1263,1 bath,1 bed,0,"$2,850",,5-49 Borden Avenue #9F,
1264,,2 beds,0,"$1,700",,7744 66th Rd MULTI-FAMILY,
1265,1 bath,1 bed,0,"$2,300",,76-15 35th Avenue #5A,
1266,1.5 baths,3 beds,0,"$2,500",,15-59 209th Street #2F,
1267,2 baths,2 beds,0,"$2,350",850 ft²,65-50 Wetherole Street #4K,
1268,1 bath,1 bed,0,"$2,400",,27-34 21st Street #7C,Astoria
1269,1 bath,2 beds,0,"$2,200",900 ft²,30-73 49th Street #2,
1270,1 bath,2 beds,0,"$1,975",,34-45 42nd Street #2L,Long Island City
1271,1 bath,1 bed,0,"$1,475",600 ft²,61-34 Madison Street #4B,
1272,1.5 baths,2 beds,0,"$1,795",,90-06 Holland Avenue #2L,
1273,1 bath,1 bed,0,"$1,994",,75-25 153rd Street #119,
1274,1 bath,1 bed,0,"$3,707",737 ft²,45-50 Pearson Street #15B,
1275,1 bath,1 bed,0,"$2,588",590 ft²,41-42 24th Street #4322,Long Island City
1276,2 baths,2 beds,0,"$3,200",,31-62 42nd Street #1,Astoria
1277,,3 beds,1,"$3,795","1,666 ft²",83-09 Talbot Street #5H,
1278,1 bath,1 bed,0,"$1,450",,155 Beach 95th Street #1,
1279,2 baths,2 beds,0,"$2,550",981 ft²,85-15 120th Street #2F,
1280,1.5 baths,3 beds,0,"$2,350",,72-14 69th Place #1R,
1281,1 bath,3 beds,0,"$2,225",,72-14 69th Place #3R,
1282,1 bath,1 bed,0,"$1,700",650 ft²,11-14 Main Avenue #3,Astoria
1283,1 bath,2 beds,0,"$2,200",,36-09 Corporal Stone Street ,
1284,1 bath,2 beds,0,"$2,095",929 ft²,102-40 62nd Avenue #7U,
1285,1 bath,1 bed,0,"$2,250",724 ft²,31-35 Crescent Street #1L,Astoria
1286,1 bath,1 bed,0,"$2,350",724 ft²,31-35 Crescent Street #5L,Astoria
1287,1 bath,,0,"$1,550",432 ft²,48-50 37th Street #1P,
1288,1 bath,,0,"$2,000",600 ft²,"1222 30th Avenue, #3G",Astoria
1289,1 bath,,0,"$1,575",433 ft²,48-50 37th Street #1D,
1290,1 bath,1 bed,0,"$2,100",,31-10 23rd Street #2F,Astoria
1291,1 bath,1 bed,0,"$2,250",650 ft²,22-14 Astoria Boulevard #3A,Astoria
1292,1 bath,1 bed,0,"$1,900",700 ft²,39-46 27th Street #2D,Long Island City
1293,1 bath,4 beds,0,"$3,000","1,100 ft²",19-19 24th Rd #2,Astoria
1294,1 bath,,0,"$1,300",,188-30 87th Dr #5K,
1295,2 baths,3 beds,0,"$3,600",,2130 21st Avenue #1R,Astoria
1296,1 bath,1 bed,0,"$1,900",900 ft²,125-10 Queens Boulevard #607,
1297,1 bath,1 bed,0,"$2,200",900 ft²,111-23 76th Rd #E4,
1298,1 bath,2 beds,0,"$2,400","1,000 ft²",28-34 47th Street #2,Astoria
1299,1 bath,1 bed,0,"$1,795",,205-16 42nd Avenue #162C,
1300,1 bath,,0,"$1,650",,11114 76th Street #101,
1301,1 bath,1 bed,0,"$2,902",700 ft²,41-42 24th Street #2509,Long Island City
1302,1 bath,1 bed,0,"$2,285",900 ft²,47-55 39 Place #B,
1303,2 baths,4 beds,0,"$3,450",,6830 Forest Avenue #3,
1304,1 bath,1 bed,0,"$1,900",750 ft²,2345 33rd Street #2R,Astoria
1305,2 baths,3 beds,0,"$3,150",,68-30 Forest Avenue ,
1306,1 bath,1 bed,0,"$1,500",,88-40 144th Street #C3,
1307,1 bath,2 beds,0,"$1,500",,185 Beach 61st Street #A,
1308,2 baths,2 beds,0,"$2,623",,23-10 41st Avenue #12J,Long Island City
1309,1 bath,2 beds,0,"$2,200",,23-87 28th Street #2F,Astoria
1310,1 bath,2 beds,0,"$2,100",,23-76 29th Street #3,Astoria
1311,1 bath,2 beds,0,"$2,300","1,250 ft²",64-69 Alderton #2,
1312,1 bath,1 bed,0,"$1,800",,25-34 Crescent Street #2,Astoria
1313,1 bath,2 beds,0,"$2,400",,21-11 Steinway Street ,Astoria
1314,1 bath,2 beds,0,"$2,400",,28-35 47th Street #3F,
1315,2 baths,3 beds,0,"$2,500","1,500 ft²",20-04 49th Street #3F,Astoria
1316,1 bath,2 beds,0,"$2,850",,32-69 33rd Street #2R,Long Island City
1317,1 bath,2 beds,0,"$1,900",,84-42 62 Drive #1,
1318,1 bath,1 bed,0,"$2,016",,32-06 47th Street #3C,Long Island City
1319,1 bath,1 bed,0,"$2,131",,32-06 47th Street #1E,Long Island City
1320,1.5 baths,1 bed,0,"$3,600","1,500 ft²",30-80 48st #1,
1321,1 bath,2 beds,0,"$2,300",,61-38 56th Street #1,
1322,1 bath,2 beds,0,"$2,000",,80-42 243rd Street #2,
1323,1 bath,2 beds,0,"$1,925",,23-86 24th Street #3,Astoria
1324,1 bath,1 bed,0,"$2,500",,106-20 70th Avenue #5D,
1325,1 bath,,0,"$2,200",498 ft²,40-28 College Point Boulevard ,
1326,1 bath,,0,"$2,030",550 ft²,28-22 Astoria Boulevard #6B,Astoria
1327,1 bath,1 bed,0,"$2,250",,31-66 Crescent #1H,Astoria
1328,1 bath,2 beds,0,"$2,200","1,022 ft²",45-25 39th Place #1B,
1329,1 bath,,0,"$2,044",,26-14 Jackson Avenue #9C,
1330,1 bath,1 bed,0,"$2,500","1,000 ft²",26-20 21st Street #1B,Astoria
1331,1 bath,2 beds,0,"$1,800",900 ft²,68-53 Exeter Street #3,
1332,1 bath,,0,"$1,375",525 ft²,144-10 Roosevelt Avenue #3A,
1333,1 bath,2 beds,0,"$2,000",,1070 Seneca #3,
1334,1 bath,3 beds,0,"$2,250",,62-22 74th Avenue #1,
1335,2 baths,2 beds,0,"$2,950",,30-67 32st #1B,Astoria
1336,,1 bed,0,"$2,000",,23-37 37th Street #1,Astoria
1337,2.5 baths,2 beds,0,"$3,900","1,233 ft²",63-36 99th Street #7H/8H,
1338,1 bath,1 bed,0,"$2,100",,31-10 23rd Street #2I,Astoria
1339,1 bath,2 beds,0,"$2,750","1,000 ft²",21-06 33rd Street #D1,Astoria
1340,2 baths,2 beds,0,"$3,650","1,333 ft²",63-36 99th Street #8E,
1341,2 baths,2 beds,0,"$2,600",,43-30 46th Street #4T,
1342,1 bath,1 bed,0,"$2,560",850 ft²,61-55 Junction Boulevard #8H,
1343,1 bath,2 beds,0,"$2,850",,32-69 33rd Street #2R,Long Island City
1344,1 bath,2 beds,0,"$3,925",,45-50 Pearson Street #6K,
1345,1 bath,1 bed,0,"$1,650",,4165 75th Street #2,
1346,1 bath,3 beds,0,"$2,850",,24-15 36th Street #2,Astoria
1347,1.5 baths,2 beds,0,"$3,000",,22-65 33rd Street #2,Astoria
1348,1 bath,2 beds,0,"$2,250","1,150 ft²",6384 Saunders Street #4N,
1349,1 bath,1 bed,0,"$1,750",741 ft²,8423 Lander Street #3F,
1350,1 bath,1 bed,0,"$2,000",,37-01 30th Avenue #2,Astoria
1351,2 baths,3 beds,0,"$2,600","2,000 ft²",21-38 Rene Court #2,
1352,1.5 baths,4 beds,0,"$3,200",,6145 Palmetto Street #3,
1353,1 bath,2 beds,0,"$2,100",,30-75 44th Street #3,Astoria
1354,1 bath,,0,"$1,600",,25-90 Steinway Street #2,Astoria
1355,1 bath,1 bed,0,"$1,450",,87-46 Chelsea #3G,
1356,,,0,"$9,800","4,000 ft²",27-11 23rd Avenue #1,Astoria
1357,1 bath,1 bed,0,"$2,550",663 ft²,23-88 31st Street #3E,Astoria
1358,1 bath,1 bed,0,"$2,665",,29-11 Queens Plaza North #16H,Long Island City
1359,1 bath,2 beds,0,"$2,000",,33-54 99th Street ,
1360,1 bath,1 bed,0,"$2,648",,29-11 Queens Plaza North #15C,Long Island City
1361,1 bath,1 bed,0,"$2,500",,17-85 215th Street ,
1362,1 bath,1 bed,0,"$1,995",,41-19 41st Street #5B,
1363,1 bath,2 beds,0,"$2,750","1,000 ft²",25-59 14th Place #1R,Astoria
1364,1 bath,2 beds,0,"$2,200",,52-23 Skillman Avenue #1F,
1365,1 bath,1 bed,0,"$3,205",,4615 Center Boulevard #2609,
1366,1 bath,1 bed,0,"$1,725",700 ft²,84-11 Lander Street #19,
1367,2 baths,3 beds,0,"$2,898",,69-40 108th Street #2F,
1368,1 bath,1 bed,0,"$1,850",,22-30 79th Street #3E,Astoria
1369,1 bath,1 bed,0,"$2,000",550 ft²,41-18 43rd Street #4C,
1370,1 bath,3 beds,0,"$2,299",,1710 Stanhope Street #2,
1371,1 bath,1 bed,0,"$1,749",703 ft²,153-30 89th Avenue #635,
1372,2 baths,2 beds,0,"$3,400","1,025 ft²",12-15 Broadway #220,Astoria
1373,1 bath,2 beds,0,"$2,295",,177-16 Wexford Terrace #702,
1374,1 bath,,0,"$1,400",,85-10 120th Street #602,
1375,1 bath,1 bed,0,"$2,250",,52-05 Queens Boulevard #9A,
1376,1 bath,2 beds,0,"$2,200",,149-48 22nd Avenue ,
1377,1 bath,1 bed,0,"$1,600",,36-11 Ditmars Boulevard #2,Astoria
1378,1 bath,2 beds,0,"$2,599",,69-39 Yellowstone Boulevard #210,
1379,2 baths,3 beds,0,"$2,799",,69-40 108th Street #2E,
1380,1 bath,2.5 beds,0,"$2,100","1,000 ft²",6010 69th Avenue #2,
1381,1 bath,1 bed,0,"$1,600",,33-11 36th Avenue #2R,Long Island City
1382,1 bath,2 beds,0,"$2,100",,34-25 42nd Street #1F,Long Island City
1383,1 bath,1 bed,0,"$2,070",670 ft²,25-24 Broadway #2F,Long Island City
1384,1 bath,1 bed,0,"$1,850",,25-18 33rd Street #2F,Astoria
